{
    "android": {
        "font_size": 30,
        "isForked": false
    },
    "androidwearos": {
        "font_size": 61,
        "isForked": false
    },
    "background_color": "00000000",
    "bg_type": "one",
    "border_color": "424242ff",
    "border_style": "plain",
    "border_type": 0,
    "border_width": 0,
    "desktopweb": {
        "font_name": "SourceSansPro-Regular",
        "font_size": 142,
        "isForked": false
    },
    "fontSizeInPx": true,
    "font_color": "424242ff",
    "font_name": "Helvetica",
    "font_size": 142,
    "font_style": "normal",
    "font_weight": "normal",
    "ipad": {
        "font_size": 61,
        "isForked": false
    },
    "iphone": {
        "font_size": 40,
        "isForked": false
    },
    "isDefaultSkin": false,
    "kiosk": {
        "font_size": 106,
        "isForked": false
    },
    "kuid": "sf45ca27a4704285be2caf389f55adc3",
    "spaan": {
        "font_size": 142,
        "isForked": false
    },
    "spaandroidtablet": {
        "font_size": 142,
        "isForked": false
    },
    "spaip": {
        "font_size": 142,
        "isForked": false
    },
    "spaipad": {
        "font_size": 142,
        "isForked": false
    },
    "spawindowstablet": {
        "font_size": 142,
        "isForked": false
    },
    "spawinphone8": {
        "font_size": 142,
        "isForked": false
    },
    "tabrcandroid": {
        "font_size": 101,
        "isForked": false
    },
    "wType": "Label",
    "watchos": {
        "font_size": 61,
        "isForked": false
    },
    "windows8": {
        "font_size": 41,
        "isForked": false
    },
    "winphone8": {
        "font_size": 57,
        "isForked": false
    }
}