{
    "android": {
        "font_name": "Helvetica",
        "font_size": 36,
        "isForked": false
    },
    "background_color": "ffffff00",
    "bg_type": "one",
    "border_color": "003e75ff",
    "border_radius": 2,
    "border_style": "custom",
    "border_type": 0,
    "border_width": 1,
    "bottom_left_border_radius": "2",
    "bottom_left_border_style": "rc",
    "bottom_left_border_width": "1",
    "bottom_right_border_radius": "2",
    "bottom_right_border_style": "rc",
    "bottom_right_border_width": "1",
    "desktopweb": {
        "font_name": "SourceSansPro-Regular",
        "font_size": 125,
        "isForked": false
    },
    "fontSizeInPx": true,
    "font_color": "424242ff",
    "font_name": "Helvetica",
    "font_size": 125,
    "font_style": "normal",
    "font_weight": "normal",
    "ipad": {
        "font_name": "Helvetica",
        "font_size": 54,
        "isForked": false
    },
    "iphone": {
        "font_name": "Helvetica",
        "font_size": 54,
        "isForked": false
    },
    "isDefaultSkin": false,
    "kiosk": {
        "font_name": "GenericMonospace",
        "font_size": 94,
        "isForked": false
    },
    "kuid": "s176ed51aa804a62b61ebee8adfb2af5",
    "spaan": {
        "font_name": "SourceSansPro-Regular",
        "font_size": 125,
        "isForked": false
    },
    "spaandroidtablet": {
        "font_name": "SourceSansPro-Regular",
        "font_size": 125,
        "isForked": false
    },
    "spaip": {
        "font_name": "SourceSansPro-Regular",
        "font_size": 125,
        "isForked": false
    },
    "spaipad": {
        "font_name": "SourceSansPro-Regular",
        "font_size": 125,
        "isForked": false
    },
    "spawindowstablet": {
        "font_name": "Helvetica",
        "font_size": 125,
        "isForked": false
    },
    "spawinphone8": {
        "font_name": "Helvetica",
        "font_size": 125,
        "isForked": false
    },
    "tabrcandroid": {
        "font_name": "Helvetica",
        "font_size": 89,
        "isForked": false
    },
    "top_left_border_color": "4176a4ff",
    "top_left_border_radius": "2",
    "top_left_border_style": "rc",
    "top_left_border_width": "1",
    "top_right_border_radius": "2",
    "top_right_border_style": "rc",
    "top_right_border_width": "1",
    "wType": "TextField",
    "watchos": {
        "font_name": "Helvetica",
        "font_size": 54,
        "isForked": false
    },
    "windows8": {
        "font_name": "GenericMonospace",
        "font_size": 37,
        "isForked": false
    },
    "winphone8": {
        "font_name": "GenericMonospace",
        "font_size": 50,
        "isForked": false
    }
}