{
    "android": {
        "background_color": "003e75ff",
        "bg_type": "one",
        "border_color": "003e75ff",
        "border_style": "plain",
        "border_type": 0,
        "border_width": 0,
        "bottom_left_border_radius": 5,
        "bottom_right_border_radius": 5,
        "isForked": true,
        "top_left_border_radius": 5,
        "top_right_border_radius": 5
    },
    "androidwearos": {
        "background_color": "003e75ff",
        "bg_type": "one",
        "isForked": true
    },
    "background_color": "003e75ff",
    "bg_type": "one",
    "border_color": "000000ff",
    "border_style": "plain",
    "border_type": 0,
    "border_width": 0,
    "desktopweb": {
        "background_color": "003e75ff",
        "bg_type": "one",
        "bottom_left_border_color": "000000ff",
        "bottom_left_border_style": "plain",
        "bottom_left_border_width": 0,
        "bottom_right_border_color": "000000ff",
        "bottom_right_border_style": "plain",
        "bottom_right_border_width": 0,
        "isForked": true,
        "shadow": {
            "br": 2,
            "color": "000000",
            "inner": false,
            "nm": 0,
            "x": 0,
            "y": 3
        },
        "top_left_border_color": "000000ff",
        "top_left_border_style": "plain",
        "top_left_border_width": 0,
        "top_right_border_color": "000000ff",
        "top_right_border_style": "plain",
        "top_right_border_width": 0
    },
    "ipad": {
        "background_color": "003e75ff",
        "bg_type": "one",
        "border_color": "003e75ff",
        "border_style": "plain",
        "border_type": 0,
        "border_width": 0,
        "isForked": true,
        "shadow": {
            "br": 2,
            "color": "000000",
            "inner": false,
            "nm": 0,
            "x": 0,
            "y": 3
        }
    },
    "iphone": {
        "background_color": "003e75ff",
        "bg_type": "one",
        "border_color": "003e75ff",
        "border_style": "plain",
        "border_type": 0,
        "border_width": 0,
        "isForked": true
    },
    "isDefaultSkin": false,
    "kiosk": {
        "background_color": "003e75ff",
        "bg_type": "one",
        "border_color": "003e75ff",
        "border_style": "plain",
        "border_type": 0,
        "border_width": 0,
        "isForked": true
    },
    "kuid": "sfee9bf989de411d9576515335962752",
    "spaan": {
        "background_color": "003e75ff",
        "bg_type": "one",
        "bottom_left_border_color": "000000ff",
        "bottom_left_border_style": "plain",
        "bottom_left_border_width": 0,
        "bottom_right_border_color": "000000ff",
        "bottom_right_border_style": "plain",
        "bottom_right_border_width": 0,
        "isForked": true,
        "shadow": {
            "br": 2,
            "color": "000000",
            "inner": false,
            "nm": 0,
            "x": 0,
            "y": 3
        },
        "top_left_border_color": "000000ff",
        "top_left_border_style": "plain",
        "top_left_border_width": 0,
        "top_right_border_color": "000000ff",
        "top_right_border_style": "plain",
        "top_right_border_width": 0
    },
    "spaandroidtablet": {
        "background_color": "003e75ff",
        "bg_type": "one",
        "bottom_left_border_color": "000000ff",
        "bottom_left_border_style": "plain",
        "bottom_left_border_width": 0,
        "bottom_right_border_color": "000000ff",
        "bottom_right_border_style": "plain",
        "bottom_right_border_width": 0,
        "isForked": true,
        "shadow": {
            "br": 2,
            "color": "000000",
            "inner": false,
            "nm": 0,
            "x": 0,
            "y": 3
        },
        "top_left_border_color": "000000ff",
        "top_left_border_style": "plain",
        "top_left_border_width": 0,
        "top_right_border_color": "000000ff",
        "top_right_border_style": "plain",
        "top_right_border_width": 0
    },
    "spaip": {
        "background_color": "003e75ff",
        "bg_type": "one",
        "bottom_left_border_color": "000000ff",
        "bottom_left_border_style": "plain",
        "bottom_left_border_width": 0,
        "bottom_right_border_color": "000000ff",
        "bottom_right_border_style": "plain",
        "bottom_right_border_width": 0,
        "isForked": true,
        "shadow": {
            "br": 2,
            "color": "000000",
            "inner": false,
            "nm": 0,
            "x": 0,
            "y": 3
        },
        "top_left_border_color": "000000ff",
        "top_left_border_style": "plain",
        "top_left_border_width": 0,
        "top_right_border_color": "000000ff",
        "top_right_border_style": "plain",
        "top_right_border_width": 0
    },
    "spaipad": {
        "background_color": "003e75ff",
        "bg_type": "one",
        "bottom_left_border_color": "000000ff",
        "bottom_left_border_style": "plain",
        "bottom_left_border_width": 0,
        "bottom_right_border_color": "000000ff",
        "bottom_right_border_style": "plain",
        "bottom_right_border_width": 0,
        "isForked": true,
        "shadow": {
            "br": 2,
            "color": "000000",
            "inner": false,
            "nm": 0,
            "x": 0,
            "y": 3
        },
        "top_left_border_color": "000000ff",
        "top_left_border_style": "plain",
        "top_left_border_width": 0,
        "top_right_border_color": "000000ff",
        "top_right_border_style": "plain",
        "top_right_border_width": 0
    },
    "spawindowstablet": {
        "background_color": "003e75ff",
        "bg_type": "one",
        "bottom_left_border_color": "000000ff",
        "bottom_left_border_style": "plain",
        "bottom_left_border_width": 0,
        "bottom_right_border_color": "000000ff",
        "bottom_right_border_style": "plain",
        "bottom_right_border_width": 0,
        "isForked": true,
        "shadow": {
            "br": 2,
            "color": "000000",
            "inner": false,
            "nm": 0,
            "x": 0,
            "y": 3
        },
        "top_left_border_color": "000000ff",
        "top_left_border_style": "plain",
        "top_left_border_width": 0,
        "top_right_border_color": "000000ff",
        "top_right_border_style": "plain",
        "top_right_border_width": 0
    },
    "spawinphone8": {
        "background_color": "003e75ff",
        "bg_type": "one",
        "bottom_left_border_color": "000000ff",
        "bottom_left_border_style": "plain",
        "bottom_left_border_width": 0,
        "bottom_right_border_color": "000000ff",
        "bottom_right_border_style": "plain",
        "bottom_right_border_width": 0,
        "isForked": true,
        "shadow": {
            "br": 2,
            "color": "000000",
            "inner": false,
            "nm": 0,
            "x": 0,
            "y": 3
        },
        "top_left_border_color": "000000ff",
        "top_left_border_style": "plain",
        "top_left_border_width": 0,
        "top_right_border_color": "000000ff",
        "top_right_border_style": "plain",
        "top_right_border_width": 0
    },
    "tabrcandroid": {
        "background_color": "003e75ff",
        "bg_type": "one",
        "border_color": "003e75ff",
        "border_style": "plain",
        "border_type": 0,
        "border_width": 0,
        "bottom_left_border_radius": 5,
        "bottom_right_border_radius": 5,
        "isForked": true,
        "top_left_border_radius": 5,
        "top_right_border_radius": 5
    },
    "wType": "FlexContainer",
    "windows8": {
        "background_color": "003e75ff",
        "bg_type": "one",
        "border_color": "003e75ff",
        "border_style": "plain",
        "border_type": 0,
        "border_width": 0,
        "bottom_left_border_radius": 5,
        "bottom_right_border_radius": 5,
        "isForked": true,
        "top_left_border_radius": 5,
        "top_right_border_radius": 5
    },
    "winphone8": {
        "background_color": "003e75ff",
        "bg_type": "one",
        "border_color": "003e75ff",
        "border_style": "plain",
        "border_type": 0,
        "border_width": 0,
        "bottom_left_border_radius": 5,
        "bottom_right_border_radius": 5,
        "isForked": true,
        "top_left_border_radius": 5,
        "top_right_border_radius": 5
    }
}