{
    "background_color": "ffffffff",
    "bg_type": "one",
    "border_color": "e3e3e3ff",
    "border_radius": 3,
    "border_style": "custom",
    "border_type": 0,
    "border_width": 1,
    "desktopweb": {
        "border_type": 0,
        "bottom_left_border_color": "e3e3e300",
        "bottom_left_border_style": "plain",
        "bottom_left_border_width": "0",
        "bottom_right_border_color": "e3e3e300",
        "bottom_right_border_style": "plain",
        "bottom_right_border_width": "0",
        "isForked": true,
        "shadow": {
            "br": 0,
            "color": "e3e3e3ff",
            "inner": false,
            "nm": 0,
            "x": 0,
            "y": 0
        },
        "top_left_border_color": "e3e3e300",
        "top_left_border_radius": "3",
        "top_left_border_style": "rc",
        "top_left_border_width": 1,
        "top_right_border_color": "e3e3e300",
        "top_right_border_style": "plain",
        "top_right_border_width": "0"
    },
    "ipad": {
        "isForked": true,
        "shadow": {
            "br": 0,
            "color": "e3e3e3ff",
            "inner": false,
            "nm": 0,
            "x": 0,
            "y": 0
        }
    },
    "iphone": {
        "isForked": true,
        "shadow": {
            "br": 0,
            "color": "e3e3e3ff",
            "inner": false,
            "nm": 0,
            "x": 0,
            "y": 0
        }
    },
    "isDefaultSkin": false,
    "kuid": "s5e28a55dad84974acb7bbb1a76defc8",
    "spaan": {
        "border_type": 0,
        "bottom_left_border_color": "e3e3e300",
        "bottom_left_border_style": "plain",
        "bottom_left_border_width": "0",
        "bottom_right_border_color": "e3e3e300",
        "bottom_right_border_style": "plain",
        "bottom_right_border_width": "0",
        "isForked": true,
        "shadow": {
            "br": 0,
            "color": "e3e3e3ff",
            "inner": false,
            "nm": 0,
            "x": 0,
            "y": 0
        },
        "top_left_border_color": "e3e3e300",
        "top_left_border_radius": "3",
        "top_left_border_style": "rc",
        "top_left_border_width": 1,
        "top_right_border_color": "e3e3e300",
        "top_right_border_style": "plain",
        "top_right_border_width": "0"
    },
    "spaandroidtablet": {
        "border_type": 0,
        "bottom_left_border_color": "e3e3e300",
        "bottom_left_border_style": "plain",
        "bottom_left_border_width": "0",
        "bottom_right_border_color": "e3e3e300",
        "bottom_right_border_style": "plain",
        "bottom_right_border_width": "0",
        "isForked": true,
        "shadow": {
            "br": 0,
            "color": "e3e3e3ff",
            "inner": false,
            "nm": 0,
            "x": 0,
            "y": 0
        },
        "top_left_border_color": "e3e3e300",
        "top_left_border_radius": "3",
        "top_left_border_style": "rc",
        "top_left_border_width": 1,
        "top_right_border_color": "e3e3e300",
        "top_right_border_style": "plain",
        "top_right_border_width": "0"
    },
    "spaip": {
        "border_type": 0,
        "bottom_left_border_color": "e3e3e300",
        "bottom_left_border_style": "plain",
        "bottom_left_border_width": "0",
        "bottom_right_border_color": "e3e3e300",
        "bottom_right_border_style": "plain",
        "bottom_right_border_width": "0",
        "isForked": true,
        "shadow": {
            "br": 0,
            "color": "e3e3e3ff",
            "inner": false,
            "nm": 0,
            "x": 0,
            "y": 0
        },
        "top_left_border_color": "e3e3e300",
        "top_left_border_radius": "3",
        "top_left_border_style": "rc",
        "top_left_border_width": 1,
        "top_right_border_color": "e3e3e300",
        "top_right_border_style": "plain",
        "top_right_border_width": "0"
    },
    "spaipad": {
        "border_type": 0,
        "bottom_left_border_color": "e3e3e300",
        "bottom_left_border_style": "plain",
        "bottom_left_border_width": "0",
        "bottom_right_border_color": "e3e3e300",
        "bottom_right_border_style": "plain",
        "bottom_right_border_width": "0",
        "isForked": true,
        "shadow": {
            "br": 0,
            "color": "e3e3e3ff",
            "inner": false,
            "nm": 0,
            "x": 0,
            "y": 0
        },
        "top_left_border_color": "e3e3e300",
        "top_left_border_radius": "3",
        "top_left_border_style": "rc",
        "top_left_border_width": 1,
        "top_right_border_color": "e3e3e300",
        "top_right_border_style": "plain",
        "top_right_border_width": "0"
    },
    "spawindowstablet": {
        "border_type": 0,
        "bottom_left_border_color": "e3e3e300",
        "bottom_left_border_style": "plain",
        "bottom_left_border_width": "0",
        "bottom_right_border_color": "e3e3e300",
        "bottom_right_border_style": "plain",
        "bottom_right_border_width": "0",
        "isForked": true,
        "shadow": {
            "br": 0,
            "color": "e3e3e3ff",
            "inner": false,
            "nm": 0,
            "x": 0,
            "y": 0
        },
        "top_left_border_color": "e3e3e300",
        "top_left_border_radius": "3",
        "top_left_border_style": "rc",
        "top_left_border_width": 1,
        "top_right_border_color": "e3e3e300",
        "top_right_border_style": "plain",
        "top_right_border_width": "0"
    },
    "spawinphone8": {
        "border_type": 0,
        "bottom_left_border_color": "e3e3e300",
        "bottom_left_border_style": "plain",
        "bottom_left_border_width": "0",
        "bottom_right_border_color": "e3e3e300",
        "bottom_right_border_style": "plain",
        "bottom_right_border_width": "0",
        "isForked": true,
        "shadow": {
            "br": 0,
            "color": "e3e3e3ff",
            "inner": false,
            "nm": 0,
            "x": 0,
            "y": 0
        },
        "top_left_border_color": "e3e3e300",
        "top_left_border_radius": "3",
        "top_left_border_style": "rc",
        "top_left_border_width": 1,
        "top_right_border_color": "e3e3e300",
        "top_right_border_style": "plain",
        "top_right_border_width": "0"
    },
    "wType": "FlexContainer"
}