{
    "android": {
        "font_size": 27,
        "isForked": false
    },
    "androidwearos": {
        "font_size": 54,
        "isForked": false
    },
    "background_color": "00000000",
    "bg_type": "one",
    "border_color": "424242ff",
    "border_style": "plain",
    "border_type": 0,
    "border_width": 0,
    "desktopweb": {
        "font_name": "OLB_font_icons",
        "font_size": 125,
        "isForked": false
    },
    "fontSizeInPx": true,
    "font_color": "003e75ff",
    "font_name": "Helvetica",
    "font_size": 125,
    "font_style": "normal",
    "font_weight": "normal",
    "ipad": {
        "font_size": 54,
        "isForked": false
    },
    "iphone": {
        "font_size": 36,
        "isForked": false
    },
    "isDefaultSkin": false,
    "kiosk": {
        "font_size": 94,
        "isForked": false
    },
    "kuid": "s691da83c5db4681b7f134ba17f8212a",
    "spaan": {
        "font_size": 125,
        "isForked": false
    },
    "spaandroidtablet": {
        "font_size": 125,
        "isForked": false
    },
    "spaip": {
        "font_size": 125,
        "isForked": false
    },
    "spaipad": {
        "font_size": 125,
        "isForked": false
    },
    "spawindowstablet": {
        "font_size": 125,
        "isForked": false
    },
    "spawinphone8": {
        "font_size": 125,
        "isForked": false
    },
    "tabrcandroid": {
        "font_size": 89,
        "isForked": false
    },
    "wType": "Label",
    "watchos": {
        "font_size": 54,
        "isForked": false
    },
    "windows8": {
        "font_size": 37,
        "isForked": false
    },
    "winphone8": {
        "font_size": 50,
        "isForked": false
    }
}