{
  "background_color": "e3e3e333",
  "bg_type": "one",
  "border_color": "4176a4ff",
  "border_radius": 3,
  "border_style": "custom",
  "border_type": 0,
  "border_width": 1,
  "bottom_left_border_radius": "0",
  "bottom_left_border_style": "rc",
  "bottom_right_border_radius": "0",
  "bottom_right_border_style": "rc",
  "desktopweb": {
    "background_color": "ffffffff",
    "bg_type": "one",
    "border_type": 0,
    "bottom_left_border_color": "e3e3e3ff",
    "bottom_left_border_radius": "3",
    "bottom_left_border_style": "rc",
    "bottom_left_border_width": 1,
    "bottom_right_border_color": "e3e3e3ff",
    "bottom_right_border_radius": "3",
    "bottom_right_border_style": "rc",
    "bottom_right_border_width": 1,
    "customCSS": ".sknBGFFFFFBdrE3E3E3BdrRadius2Px:hover{\n\t-webkit-box-shadow: 0px 0px 10px 4px rgba(70,69,69,0.2);\n\t-moz-box-shadow: 0px 0px 10px 4px rgba(70,69,69,0.2);\n\tbox-shadow: 0px 0px 10px 4px rgba(70,69,69,0.2);\n} ",
    "isCustomCSSEnabled": false,
    "isForked": true,
    "shadow": {
      "br": 16,
      "color": "e3e3e3ff",
      "inner": false,
      "nm": 0,
      "x": 2,
      "y": 2
    },
    "top_left_border_color": "e3e3e3ff",
    "top_left_border_radius": "3",
    "top_left_border_style": "rc",
    "top_left_border_width": 1,
    "top_right_border_color": "e3e3e3ff",
    "top_right_border_radius": "3",
    "top_right_border_style": "rc",
    "top_right_border_width": 1
  },
  "isDefaultSkin": false,
  "kuid": "sd9e86844ff84dedabc01afb567d419b",
  "top_left_border_color": "727272ff",
  "top_left_border_radius": "0",
  "top_left_border_style": "rc",
  "top_left_border_width": "1",
  "top_right_border_radius": "0",
  "top_right_border_style": "rc",
  "wType": "FlexContainer",
  "windows8": {
    "background_color": "ffffffff",
    "bg_type": "one",
    "isForked": true
  }
}