{
    "android": {
        "background_gradient_bottom_color": "003e75ff",
        "background_gradient_top_color": "003e75ff",
        "background_style": "vg",
        "bg_type": "two",
        "isForked": true
    },
    "androidwearos": {
        "background_gradient_bottom_color": "003e75ff",
        "background_gradient_top_color": "003e75ff",
        "background_style": "vg",
        "bg_type": "two",
        "isForked": true
    },
    "background_color": "00000000",
    "bg_type": "one",
    "border_color": "000000ff",
    "border_style": "plain",
    "border_type": 0,
    "border_width": 0,
    "desktopweb": {
        "background_gradient_bottom_color": "003e75ff",
        "background_gradient_top_color": "003e75ff",
        "background_style": "vg",
        "bg_type": "two",
        "customCSS": "overflow: hidden !important;",
        "isCustomCSSEnabled": true,
        "isForked": true,
        "shadow": {
            "br": 0,
            "color": "000000",
            "inner": false,
            "nm": 0,
            "x": 0,
            "y": 0
        }
    },
    "ipad": {
        "background_gradient_bottom_color": "003e75ff",
        "background_gradient_top_color": "003e75ff",
        "background_style": "vg",
        "bg_type": "two",
        "isForked": true,
        "shadow": {
            "br": 0,
            "color": "000000",
            "inner": false,
            "nm": 0,
            "x": 0,
            "y": 0
        }
    },
    "iphone": {
        "background_gradient_bottom_color": "003e75ff",
        "background_gradient_top_color": "003e75ff",
        "background_style": "vg",
        "bg_type": "two",
        "isForked": true,
        "shadow": {
            "br": 0,
            "color": "000000",
            "inner": false,
            "nm": 0,
            "x": 0,
            "y": 0
        }
    },
    "isDefaultSkin": false,
    "kiosk": {
        "background_gradient_bottom_color": "003e75ff",
        "background_gradient_top_color": "003e75ff",
        "background_style": "vg",
        "bg_type": "two",
        "isForked": true
    },
    "kuid": "se144b74a4f448cfb280928a4dfb75f2",
    "spaan": {
        "background_gradient_bottom_color": "003e75ff",
        "background_gradient_top_color": "003e75ff",
        "background_style": "vg",
        "bg_type": "two",
        "bottom_left_border_color": "000000ff",
        "bottom_left_border_style": "plain",
        "bottom_left_border_width": 0,
        "bottom_right_border_color": "000000ff",
        "bottom_right_border_style": "plain",
        "bottom_right_border_width": 0,
        "customCSS": "overflow: hidden !important;",
        "isCustomCSSEnabled": true,
        "isForked": true,
        "shadow": {
            "br": 0,
            "color": "000000",
            "inner": false,
            "nm": 0,
            "x": 0,
            "y": 0
        },
        "top_left_border_color": "000000ff",
        "top_left_border_style": "plain",
        "top_left_border_width": 0,
        "top_right_border_color": "000000ff",
        "top_right_border_style": "plain",
        "top_right_border_width": 0
    },
    "spaandroidtablet": {
        "background_gradient_bottom_color": "003e75ff",
        "background_gradient_top_color": "003e75ff",
        "background_style": "vg",
        "bg_type": "two",
        "bottom_left_border_color": "000000ff",
        "bottom_left_border_style": "plain",
        "bottom_left_border_width": 0,
        "bottom_right_border_color": "000000ff",
        "bottom_right_border_style": "plain",
        "bottom_right_border_width": 0,
        "customCSS": "overflow: hidden !important;",
        "isCustomCSSEnabled": true,
        "isForked": true,
        "shadow": {
            "br": 0,
            "color": "000000",
            "inner": false,
            "nm": 0,
            "x": 0,
            "y": 0
        },
        "top_left_border_color": "000000ff",
        "top_left_border_style": "plain",
        "top_left_border_width": 0,
        "top_right_border_color": "000000ff",
        "top_right_border_style": "plain",
        "top_right_border_width": 0
    },
    "spaip": {
        "background_gradient_bottom_color": "003e75ff",
        "background_gradient_top_color": "003e75ff",
        "background_style": "vg",
        "bg_type": "two",
        "bottom_left_border_color": "000000ff",
        "bottom_left_border_style": "plain",
        "bottom_left_border_width": 0,
        "bottom_right_border_color": "000000ff",
        "bottom_right_border_style": "plain",
        "bottom_right_border_width": 0,
        "customCSS": "overflow: hidden !important;",
        "isCustomCSSEnabled": true,
        "isForked": true,
        "shadow": {
            "br": 0,
            "color": "000000",
            "inner": false,
            "nm": 0,
            "x": 0,
            "y": 0
        },
        "top_left_border_color": "000000ff",
        "top_left_border_style": "plain",
        "top_left_border_width": 0,
        "top_right_border_color": "000000ff",
        "top_right_border_style": "plain",
        "top_right_border_width": 0
    },
    "spaipad": {
        "background_gradient_bottom_color": "003e75ff",
        "background_gradient_top_color": "003e75ff",
        "background_style": "vg",
        "bg_type": "two",
        "bottom_left_border_color": "000000ff",
        "bottom_left_border_style": "plain",
        "bottom_left_border_width": 0,
        "bottom_right_border_color": "000000ff",
        "bottom_right_border_style": "plain",
        "bottom_right_border_width": 0,
        "customCSS": "overflow: hidden !important;",
        "isCustomCSSEnabled": true,
        "isForked": true,
        "shadow": {
            "br": 0,
            "color": "000000",
            "inner": false,
            "nm": 0,
            "x": 0,
            "y": 0
        },
        "top_left_border_color": "000000ff",
        "top_left_border_style": "plain",
        "top_left_border_width": 0,
        "top_right_border_color": "000000ff",
        "top_right_border_style": "plain",
        "top_right_border_width": 0
    },
    "spawindowstablet": {
        "background_gradient_bottom_color": "003e75ff",
        "background_gradient_top_color": "003e75ff",
        "background_style": "vg",
        "bg_type": "two",
        "bottom_left_border_color": "000000ff",
        "bottom_left_border_style": "plain",
        "bottom_left_border_width": 0,
        "bottom_right_border_color": "000000ff",
        "bottom_right_border_style": "plain",
        "bottom_right_border_width": 0,
        "customCSS": "overflow: hidden !important;",
        "isCustomCSSEnabled": true,
        "isForked": true,
        "shadow": {
            "br": 0,
            "color": "000000",
            "inner": false,
            "nm": 0,
            "x": 0,
            "y": 0
        },
        "top_left_border_color": "000000ff",
        "top_left_border_style": "plain",
        "top_left_border_width": 0,
        "top_right_border_color": "000000ff",
        "top_right_border_style": "plain",
        "top_right_border_width": 0
    },
    "spawinphone8": {
        "background_gradient_bottom_color": "003e75ff",
        "background_gradient_top_color": "003e75ff",
        "background_style": "vg",
        "bg_type": "two",
        "bottom_left_border_color": "000000ff",
        "bottom_left_border_style": "plain",
        "bottom_left_border_width": 0,
        "bottom_right_border_color": "000000ff",
        "bottom_right_border_style": "plain",
        "bottom_right_border_width": 0,
        "customCSS": "overflow: hidden !important;",
        "isCustomCSSEnabled": true,
        "isForked": true,
        "shadow": {
            "br": 0,
            "color": "000000",
            "inner": false,
            "nm": 0,
            "x": 0,
            "y": 0
        },
        "top_left_border_color": "000000ff",
        "top_left_border_style": "plain",
        "top_left_border_width": 0,
        "top_right_border_color": "000000ff",
        "top_right_border_style": "plain",
        "top_right_border_width": 0
    },
    "tabrcandroid": {
        "background_gradient_bottom_color": "003e75ff",
        "background_gradient_top_color": "003e75ff",
        "background_style": "vg",
        "bg_type": "two",
        "isForked": true
    },
    "wType": "FlexScrollContainer",
    "windows8": {
        "background_gradient_bottom_color": "003e75ff",
        "background_gradient_top_color": "003e75ff",
        "background_style": "vg",
        "bg_type": "two",
        "isForked": true
    },
    "winphone8": {
        "background_gradient_bottom_color": "003e75ff",
        "background_gradient_top_color": "003e75ff",
        "background_style": "vg",
        "bg_type": "two",
        "isForked": true
    }
}