{
    "android": {
        "background_color": "ffffffff",
        "bg_type": "one",
        "isForked": true
    },
    "androidwearos": {
        "background_color": "ffffffff",
        "bg_type": "one",
        "isForked": true
    },
    "background_color": "00000000",
    "bg_type": "one",
    "border_color": "ffffffff",
    "border_radius": 3,
    "border_style": "custom",
    "border_type": 0,
    "border_width": 1,
    "delinkedPltfrms": {
        "androidwear": [],
        "desktop": [],
        "mobile": [],
        "tablet": [],
        "watch": []
    },
    "desktopweb": {
        "background_color": "ffffffff",
        "bg_type": "one",
        "border_type": 0,
        "bottom_left_border_color": "ffffffff",
        "bottom_left_border_radius": "6",
        "bottom_left_border_style": "rc",
        "bottom_left_border_width": "1",
        "bottom_right_border_color": "ffffffff",
        "bottom_right_border_radius": "6",
        "bottom_right_border_style": "rc",
        "bottom_right_border_width": "1",
        "isCustomCSSEnabled": false,
        "isForked": true,
        "shadow": {
            "br": 20,
            "color": "104c7dff",
            "inner": false,
            "nm": 0,
            "x": 0,
            "y": 2
        },
        "top_left_border_color": "ffffffff",
        "top_left_border_radius": "6",
        "top_left_border_style": "rc",
        "top_left_border_width": "1",
        "top_right_border_color": "ffffffff",
        "top_right_border_radius": "6",
        "top_right_border_style": "rc",
        "top_right_border_width": "1"
    },
    "ipad": {
        "background_color": "ffffffff",
        "bg_type": "one",
        "isForked": true,
        "shadow": {
            "br": 20,
            "color": "104c7dff",
            "inner": false,
            "nm": 0,
            "x": 0,
            "y": 2
        }
    },
    "iphone": {
        "background_color": "ffffffff",
        "bg_type": "one",
        "isForked": true,
        "shadow": {
            "br": 20,
            "color": "104c7dff",
            "inner": false,
            "nm": 0,
            "x": 0,
            "y": 2
        }
    },
    "isDefaultSkin": false,
    "kiosk": {
        "background_color": "ffffffff",
        "bg_type": "one",
        "isForked": true
    },
    "kuid": "se4af1e5d8854976a96d72cd927c5b64",
    "spaan": {
        "background_color": "ffffffff",
        "bg_type": "one",
        "border_type": 0,
        "bottom_left_border_color": "ffffffff",
        "bottom_left_border_radius": "6",
        "bottom_left_border_style": "rc",
        "bottom_left_border_width": "1",
        "bottom_right_border_color": "ffffffff",
        "bottom_right_border_radius": "6",
        "bottom_right_border_style": "rc",
        "bottom_right_border_width": "1",
        "isCustomCSSEnabled": false,
        "isForked": true,
        "shadow": {
            "br": 20,
            "color": "104c7dff",
            "inner": false,
            "nm": 0,
            "x": 0,
            "y": 2
        },
        "top_left_border_color": "ffffffff",
        "top_left_border_radius": "6",
        "top_left_border_style": "rc",
        "top_left_border_width": "1",
        "top_right_border_color": "ffffffff",
        "top_right_border_radius": "6",
        "top_right_border_style": "rc",
        "top_right_border_width": "1"
    },
    "spaandroidtablet": {
        "background_color": "ffffffff",
        "bg_type": "one",
        "border_type": 0,
        "bottom_left_border_color": "ffffffff",
        "bottom_left_border_radius": "6",
        "bottom_left_border_style": "rc",
        "bottom_left_border_width": "1",
        "bottom_right_border_color": "ffffffff",
        "bottom_right_border_radius": "6",
        "bottom_right_border_style": "rc",
        "bottom_right_border_width": "1",
        "isCustomCSSEnabled": false,
        "isForked": true,
        "shadow": {
            "br": 20,
            "color": "104c7dff",
            "inner": false,
            "nm": 0,
            "x": 0,
            "y": 2
        },
        "top_left_border_color": "ffffffff",
        "top_left_border_radius": "6",
        "top_left_border_style": "rc",
        "top_left_border_width": "1",
        "top_right_border_color": "ffffffff",
        "top_right_border_radius": "6",
        "top_right_border_style": "rc",
        "top_right_border_width": "1"
    },
    "spaip": {
        "background_color": "ffffffff",
        "bg_type": "one",
        "border_type": 0,
        "bottom_left_border_color": "ffffffff",
        "bottom_left_border_radius": "6",
        "bottom_left_border_style": "rc",
        "bottom_left_border_width": "1",
        "bottom_right_border_color": "ffffffff",
        "bottom_right_border_radius": "6",
        "bottom_right_border_style": "rc",
        "bottom_right_border_width": "1",
        "isCustomCSSEnabled": false,
        "isForked": true,
        "shadow": {
            "br": 20,
            "color": "104c7dff",
            "inner": false,
            "nm": 0,
            "x": 0,
            "y": 2
        },
        "top_left_border_color": "ffffffff",
        "top_left_border_radius": "6",
        "top_left_border_style": "rc",
        "top_left_border_width": "1",
        "top_right_border_color": "ffffffff",
        "top_right_border_radius": "6",
        "top_right_border_style": "rc",
        "top_right_border_width": "1"
    },
    "spaipad": {
        "background_color": "ffffffff",
        "bg_type": "one",
        "border_type": 0,
        "bottom_left_border_color": "ffffffff",
        "bottom_left_border_radius": "6",
        "bottom_left_border_style": "rc",
        "bottom_left_border_width": "1",
        "bottom_right_border_color": "ffffffff",
        "bottom_right_border_radius": "6",
        "bottom_right_border_style": "rc",
        "bottom_right_border_width": "1",
        "isCustomCSSEnabled": false,
        "isForked": true,
        "shadow": {
            "br": 20,
            "color": "104c7dff",
            "inner": false,
            "nm": 0,
            "x": 0,
            "y": 2
        },
        "top_left_border_color": "ffffffff",
        "top_left_border_radius": "6",
        "top_left_border_style": "rc",
        "top_left_border_width": "1",
        "top_right_border_color": "ffffffff",
        "top_right_border_radius": "6",
        "top_right_border_style": "rc",
        "top_right_border_width": "1"
    },
    "spawindowstablet": {
        "background_color": "ffffffff",
        "bg_type": "one",
        "border_type": 0,
        "bottom_left_border_color": "ffffffff",
        "bottom_left_border_radius": "6",
        "bottom_left_border_style": "rc",
        "bottom_left_border_width": "1",
        "bottom_right_border_color": "ffffffff",
        "bottom_right_border_radius": "6",
        "bottom_right_border_style": "rc",
        "bottom_right_border_width": "1",
        "isCustomCSSEnabled": false,
        "isForked": true,
        "shadow": {
            "br": 20,
            "color": "104c7dff",
            "inner": false,
            "nm": 0,
            "x": 0,
            "y": 2
        },
        "top_left_border_color": "ffffffff",
        "top_left_border_radius": "6",
        "top_left_border_style": "rc",
        "top_left_border_width": "1",
        "top_right_border_color": "ffffffff",
        "top_right_border_radius": "6",
        "top_right_border_style": "rc",
        "top_right_border_width": "1"
    },
    "spawinphone8": {
        "background_color": "ffffffff",
        "bg_type": "one",
        "border_type": 0,
        "bottom_left_border_color": "ffffffff",
        "bottom_left_border_radius": "6",
        "bottom_left_border_style": "rc",
        "bottom_left_border_width": "1",
        "bottom_right_border_color": "ffffffff",
        "bottom_right_border_radius": "6",
        "bottom_right_border_style": "rc",
        "bottom_right_border_width": "1",
        "isCustomCSSEnabled": false,
        "isForked": true,
        "shadow": {
            "br": 20,
            "color": "104c7dff",
            "inner": false,
            "nm": 0,
            "x": 0,
            "y": 2
        },
        "top_left_border_color": "ffffffff",
        "top_left_border_radius": "6",
        "top_left_border_style": "rc",
        "top_left_border_width": "1",
        "top_right_border_color": "ffffffff",
        "top_right_border_radius": "6",
        "top_right_border_style": "rc",
        "top_right_border_width": "1"
    },
    "tabrcandroid": {
        "background_color": "ffffffff",
        "bg_type": "one",
        "isForked": true
    },
    "wType": "FlexContainer",
    "windows8": {
        "background_color": "ffffffff",
        "bg_type": "one",
        "isForked": true
    },
    "winphone8": {
        "background_color": "ffffffff",
        "bg_type": "one",
        "isForked": true
    }
}