{
  "background_color": "ffffffff",
  "bg_type": "one",
  "border_color": "000000ff",
  "border_style": "plain",
  "border_type": 0,
  "border_width": 0,
  "desktopweb": {
    "background_color": "ffffff00",
    "bg_type": "one",
    "bottom_left_border_color": "000000ff",
    "bottom_left_border_style": "plain",
    "bottom_left_border_width": 0,
    "bottom_right_border_color": "000000ff",
    "bottom_right_border_style": "plain",
    "bottom_right_border_width": 0,
    "customCSS": "cursor: pointer;\n",
    "isCustomCSSEnabled": true,
    "isForked": true,
    "top_left_border_color": "000000ff",
    "top_left_border_style": "plain",
    "top_left_border_width": 0,
    "top_right_border_color": "000000ff",
    "top_right_border_style": "plain",
    "top_right_border_width": 0
  },
  "isDefaultSkin": false,
  "kuid": "s6c4cbf31f7c4fc08f7236fc38f01a0e",
  "wType": "FlexContainer",
  "windows8": {
    "background_color": "ffffff00",
    "bg_type": "one",
    "isForked": true
  }
}