{
    "android": {
        "background_color": "ffffffff",
        "bg_type": "one",
        "isForked": true
    },
    "androidwearos": {
        "background_color": "ffffffff",
        "bg_type": "one",
        "isForked": true
    },
    "background_color": "00000000",
    "bg_type": "one",
    "border_color": "000000ff",
    "border_style": "plain",
    "border_type": 0,
    "border_width": 0,
    "desktopweb": {
        "background_color": "ffffffff",
        "bg_type": "one",
        "bottom_left_border_color": "000000ff",
        "bottom_left_border_style": "plain",
        "bottom_left_border_width": 0,
        "bottom_right_border_color": "000000ff",
        "bottom_right_border_style": "plain",
        "bottom_right_border_width": 0,
        "customCSS": "input[kwidgettype=\"TextField\"]:focus\n{\n\t outline:none !important;\n} ",
        "isCustomCSSEnabled": false,
        "isForked": true,
        "shadow": {
            "br": 20,
            "color": "104c7dff",
            "inner": false,
            "nm": 0,
            "x": 1,
            "y": 2
        },
        "top_left_border_color": "000000ff",
        "top_left_border_style": "plain",
        "top_left_border_width": 0,
        "top_right_border_color": "000000ff",
        "top_right_border_style": "plain",
        "top_right_border_width": 0
    },
    "ipad": {
        "background_color": "ffffffff",
        "bg_type": "one",
        "isForked": true,
        "shadow": {
            "br": 20,
            "color": "104c7dff",
            "inner": false,
            "nm": 0,
            "x": 1,
            "y": 2
        }
    },
    "iphone": {
        "background_color": "ffffffff",
        "bg_type": "one",
        "isForked": true,
        "shadow": {
            "br": 20,
            "color": "104c7dff",
            "inner": false,
            "nm": 0,
            "x": 1,
            "y": 2
        }
    },
    "isDefaultSkin": false,
    "kiosk": {
        "background_color": "ffffffff",
        "bg_type": "one",
        "isForked": true
    },
    "kuid": "sfd4cd89d9ff4a82a33afa35097f46a7",
    "spaan": {
        "background_color": "ffffffff",
        "bg_type": "one",
        "bottom_left_border_color": "000000ff",
        "bottom_left_border_style": "plain",
        "bottom_left_border_width": 0,
        "bottom_right_border_color": "000000ff",
        "bottom_right_border_style": "plain",
        "bottom_right_border_width": 0,
        "customCSS": "input[kwidgettype=\"TextField\"]:focus\n{\n\t outline:none !important;\n} ",
        "isCustomCSSEnabled": false,
        "isForked": true,
        "shadow": {
            "br": 20,
            "color": "104c7dff",
            "inner": false,
            "nm": 0,
            "x": 1,
            "y": 2
        },
        "top_left_border_color": "000000ff",
        "top_left_border_style": "plain",
        "top_left_border_width": 0,
        "top_right_border_color": "000000ff",
        "top_right_border_style": "plain",
        "top_right_border_width": 0
    },
    "spaandroidtablet": {
        "background_color": "ffffffff",
        "bg_type": "one",
        "bottom_left_border_color": "000000ff",
        "bottom_left_border_style": "plain",
        "bottom_left_border_width": 0,
        "bottom_right_border_color": "000000ff",
        "bottom_right_border_style": "plain",
        "bottom_right_border_width": 0,
        "customCSS": "input[kwidgettype=\"TextField\"]:focus\n{\n\t outline:none !important;\n} ",
        "isCustomCSSEnabled": false,
        "isForked": true,
        "shadow": {
            "br": 20,
            "color": "104c7dff",
            "inner": false,
            "nm": 0,
            "x": 1,
            "y": 2
        },
        "top_left_border_color": "000000ff",
        "top_left_border_style": "plain",
        "top_left_border_width": 0,
        "top_right_border_color": "000000ff",
        "top_right_border_style": "plain",
        "top_right_border_width": 0
    },
    "spaip": {
        "background_color": "ffffffff",
        "bg_type": "one",
        "bottom_left_border_color": "000000ff",
        "bottom_left_border_style": "plain",
        "bottom_left_border_width": 0,
        "bottom_right_border_color": "000000ff",
        "bottom_right_border_style": "plain",
        "bottom_right_border_width": 0,
        "customCSS": "input[kwidgettype=\"TextField\"]:focus\n{\n\t outline:none !important;\n} ",
        "isCustomCSSEnabled": false,
        "isForked": true,
        "shadow": {
            "br": 20,
            "color": "104c7dff",
            "inner": false,
            "nm": 0,
            "x": 1,
            "y": 2
        },
        "top_left_border_color": "000000ff",
        "top_left_border_style": "plain",
        "top_left_border_width": 0,
        "top_right_border_color": "000000ff",
        "top_right_border_style": "plain",
        "top_right_border_width": 0
    },
    "spaipad": {
        "background_color": "ffffffff",
        "bg_type": "one",
        "bottom_left_border_color": "000000ff",
        "bottom_left_border_style": "plain",
        "bottom_left_border_width": 0,
        "bottom_right_border_color": "000000ff",
        "bottom_right_border_style": "plain",
        "bottom_right_border_width": 0,
        "customCSS": "input[kwidgettype=\"TextField\"]:focus\n{\n\t outline:none !important;\n} ",
        "isCustomCSSEnabled": false,
        "isForked": true,
        "shadow": {
            "br": 20,
            "color": "104c7dff",
            "inner": false,
            "nm": 0,
            "x": 1,
            "y": 2
        },
        "top_left_border_color": "000000ff",
        "top_left_border_style": "plain",
        "top_left_border_width": 0,
        "top_right_border_color": "000000ff",
        "top_right_border_style": "plain",
        "top_right_border_width": 0
    },
    "spawindowstablet": {
        "background_color": "ffffffff",
        "bg_type": "one",
        "bottom_left_border_color": "000000ff",
        "bottom_left_border_style": "plain",
        "bottom_left_border_width": 0,
        "bottom_right_border_color": "000000ff",
        "bottom_right_border_style": "plain",
        "bottom_right_border_width": 0,
        "customCSS": "input[kwidgettype=\"TextField\"]:focus\n{\n\t outline:none !important;\n} ",
        "isCustomCSSEnabled": false,
        "isForked": true,
        "shadow": {
            "br": 20,
            "color": "104c7dff",
            "inner": false,
            "nm": 0,
            "x": 1,
            "y": 2
        },
        "top_left_border_color": "000000ff",
        "top_left_border_style": "plain",
        "top_left_border_width": 0,
        "top_right_border_color": "000000ff",
        "top_right_border_style": "plain",
        "top_right_border_width": 0
    },
    "spawinphone8": {
        "background_color": "ffffffff",
        "bg_type": "one",
        "bottom_left_border_color": "000000ff",
        "bottom_left_border_style": "plain",
        "bottom_left_border_width": 0,
        "bottom_right_border_color": "000000ff",
        "bottom_right_border_style": "plain",
        "bottom_right_border_width": 0,
        "customCSS": "input[kwidgettype=\"TextField\"]:focus\n{\n\t outline:none !important;\n} ",
        "isCustomCSSEnabled": false,
        "isForked": true,
        "shadow": {
            "br": 20,
            "color": "104c7dff",
            "inner": false,
            "nm": 0,
            "x": 1,
            "y": 2
        },
        "top_left_border_color": "000000ff",
        "top_left_border_style": "plain",
        "top_left_border_width": 0,
        "top_right_border_color": "000000ff",
        "top_right_border_style": "plain",
        "top_right_border_width": 0
    },
    "tabrcandroid": {
        "background_color": "ffffffff",
        "bg_type": "one",
        "isForked": true
    },
    "wType": "FlexContainer",
    "windows8": {
        "background_color": "ffffffff",
        "bg_type": "one",
        "isForked": true
    },
    "winphone8": {
        "background_color": "ffffffff",
        "bg_type": "one",
        "isForked": true
    }
}