{
    "android": {
        "font_color": "424242ff",
        "font_size": 36,
        "font_weight": "normal",
        "isForked": true
    },
    "background_color": "00000000",
    "bg_type": "one",
    "border_color": "424242ff",
    "border_style": "plain",
    "border_type": 0,
    "border_width": 0,
    "desktopweb": {
        "bottom_left_border_color": "424242ff",
        "bottom_left_border_style": "plain",
        "bottom_left_border_width": 0,
        "bottom_right_border_color": "424242ff",
        "bottom_right_border_style": "plain",
        "bottom_right_border_width": 0,
        "font_color": "424242ff",
        "font_name": "SourceSansPro-Regular",
        "font_size": 125,
        "font_weight": "normal",
        "isForked": true,
        "top_left_border_color": "424242ff",
        "top_left_border_style": "plain",
        "top_left_border_width": 0,
        "top_right_border_color": "424242ff",
        "top_right_border_style": "plain",
        "top_right_border_width": 0
    },
    "fontSizeInPx": true,
    "font_color": "424242ff",
    "font_name": "Helvetica",
    "font_size": 215,
    "font_style": "normal",
    "font_weight": "normal",
    "ipad": {
        "font_color": "424242ff",
        "font_size": 54,
        "isForked": true
    },
    "iphone": {
        "font_color": "424242ff",
        "font_size": 54,
        "isForked": true
    },
    "isDefaultSkin": false,
    "kiosk": {
        "font_color": "424242ff",
        "font_size": 94,
        "font_weight": "normal",
        "isForked": true
    },
    "kuid": "s05b16abec144a35a8e1aac6c20fa53e",
    "spaan": {
        "bottom_left_border_color": "424242ff",
        "bottom_left_border_style": "plain",
        "bottom_left_border_width": 0,
        "bottom_right_border_color": "424242ff",
        "bottom_right_border_style": "plain",
        "bottom_right_border_width": 0,
        "font_color": "424242ff",
        "font_name": "SourceSansPro-Regular",
        "font_size": 125,
        "font_weight": "normal",
        "isForked": true,
        "top_left_border_color": "424242ff",
        "top_left_border_style": "plain",
        "top_left_border_width": 0,
        "top_right_border_color": "424242ff",
        "top_right_border_style": "plain",
        "top_right_border_width": 0
    },
    "spaandroidtablet": {
        "bottom_left_border_color": "424242ff",
        "bottom_left_border_style": "plain",
        "bottom_left_border_width": 0,
        "bottom_right_border_color": "424242ff",
        "bottom_right_border_style": "plain",
        "bottom_right_border_width": 0,
        "font_color": "424242ff",
        "font_name": "SourceSansPro-Regular",
        "font_size": 125,
        "font_weight": "normal",
        "isForked": true,
        "top_left_border_color": "424242ff",
        "top_left_border_style": "plain",
        "top_left_border_width": 0,
        "top_right_border_color": "424242ff",
        "top_right_border_style": "plain",
        "top_right_border_width": 0
    },
    "spaip": {
        "bottom_left_border_color": "424242ff",
        "bottom_left_border_style": "plain",
        "bottom_left_border_width": 0,
        "bottom_right_border_color": "424242ff",
        "bottom_right_border_style": "plain",
        "bottom_right_border_width": 0,
        "font_color": "424242ff",
        "font_name": "SourceSansPro-Regular",
        "font_size": 125,
        "font_weight": "normal",
        "isForked": true,
        "top_left_border_color": "424242ff",
        "top_left_border_style": "plain",
        "top_left_border_width": 0,
        "top_right_border_color": "424242ff",
        "top_right_border_style": "plain",
        "top_right_border_width": 0
    },
    "spaipad": {
        "bottom_left_border_color": "424242ff",
        "bottom_left_border_style": "plain",
        "bottom_left_border_width": 0,
        "bottom_right_border_color": "424242ff",
        "bottom_right_border_style": "plain",
        "bottom_right_border_width": 0,
        "font_color": "424242ff",
        "font_name": "SourceSansPro-Regular",
        "font_size": 125,
        "font_weight": "normal",
        "isForked": true,
        "top_left_border_color": "424242ff",
        "top_left_border_style": "plain",
        "top_left_border_width": 0,
        "top_right_border_color": "424242ff",
        "top_right_border_style": "plain",
        "top_right_border_width": 0
    },
    "spawindowstablet": {
        "bottom_left_border_color": "424242ff",
        "bottom_left_border_style": "plain",
        "bottom_left_border_width": 0,
        "bottom_right_border_color": "424242ff",
        "bottom_right_border_style": "plain",
        "bottom_right_border_width": 0,
        "font_color": "424242ff",
        "font_size": 125,
        "font_weight": "normal",
        "isForked": true,
        "top_left_border_color": "424242ff",
        "top_left_border_style": "plain",
        "top_left_border_width": 0,
        "top_right_border_color": "424242ff",
        "top_right_border_style": "plain",
        "top_right_border_width": 0
    },
    "spawinphone8": {
        "bottom_left_border_color": "424242ff",
        "bottom_left_border_style": "plain",
        "bottom_left_border_width": 0,
        "bottom_right_border_color": "424242ff",
        "bottom_right_border_style": "plain",
        "bottom_right_border_width": 0,
        "font_color": "424242ff",
        "font_size": 125,
        "font_weight": "normal",
        "isForked": true,
        "top_left_border_color": "424242ff",
        "top_left_border_style": "plain",
        "top_left_border_width": 0,
        "top_right_border_color": "424242ff",
        "top_right_border_style": "plain",
        "top_right_border_width": 0
    },
    "tabrcandroid": {
        "font_color": "424242ff",
        "font_size": 89,
        "font_weight": "normal",
        "isForked": true
    },
    "wType": "Label",
    "watchos": {
        "font_color": "424242ff",
        "font_size": 54,
        "font_weight": "normal",
        "isForked": true
    },
    "windows8": {
        "font_color": "424242ff",
        "font_size": 37,
        "font_weight": "normal",
        "isForked": true
    },
    "winphone8": {
        "font_color": "424242ff",
        "font_size": 50,
        "font_weight": "normal",
        "isForked": true
    }
}