{
    "android": {
        "font_size": 36,
        "isForked": false
    },
    "background_color": "00000000",
    "bg_type": "one",
    "border_color": "424242ff",
    "border_style": "plain",
    "border_type": 0,
    "border_width": 0,
    "desktopweb": {
        "font_name": "SourceSansPro-Regular",
        "font_size": 125,
        "isForked": false
    },
    "fontSizeInPx": true,
    "font_color": "ee0005ff",
    "font_name": "Helvetica",
    "font_size": 125,
    "font_style": "normal",
    "font_weight": "normal",
    "ipad": {
        "font_size": 54,
        "isForked": false
    },
    "iphone": {
        "font_size": 54,
        "isForked": false
    },
    "isDefaultSkin": false,
    "kiosk": {
        "font_size": 94,
        "isForked": false
    },
    "kuid": "s756a5ea3a23427e8c930666d4834716",
    "spaan": {
        "font_size": 125,
        "isForked": false
    },
    "spaandroidtablet": {
        "font_size": 125,
        "isForked": false
    },
    "spaip": {
        "font_size": 125,
        "isForked": false
    },
    "spaipad": {
        "font_size": 125,
        "isForked": false
    },
    "spawindowstablet": {
        "font_size": 125,
        "isForked": false
    },
    "spawinphone8": {
        "font_size": 125,
        "isForked": false
    },
    "tabrcandroid": {
        "font_size": 89,
        "isForked": false
    },
    "wType": "Label",
    "watchos": {
        "font_size": 54,
        "isForked": false
    },
    "windows8": {
        "font_size": 37,
        "isForked": false
    },
    "winphone8": {
        "font_size": 50,
        "isForked": false
    }
}