{
    "android": {
        "font_size": 48,
        "isForked": false
    },
    "background_color": "00000000",
    "bg_type": "one",
    "border_color": "424242ff",
    "border_style": "plain",
    "border_type": 0,
    "border_width": 0,
    "desktopweb": {
        "font_name": "OLB_font_icons",
        "font_size": 167,
        "isForked": false
    },
    "fontSizeInPx": true,
    "font_color": "336591ff",
    "font_name": "Helvetica",
    "font_size": 167,
    "font_style": "normal",
    "font_weight": "normal",
    "ipad": {
        "font_size": 71,
        "isForked": false
    },
    "iphone": {
        "font_size": 71,
        "isForked": false
    },
    "isDefaultSkin": false,
    "kiosk": {
        "font_size": 125,
        "isForked": false
    },
    "kuid": "s785ae7fa62b4b609e85a0511af98fea",
    "spaan": {
        "font_size": 167,
        "isForked": false
    },
    "spaandroidtablet": {
        "font_size": 167,
        "isForked": false
    },
    "spaip": {
        "font_size": 167,
        "isForked": false
    },
    "spaipad": {
        "font_size": 167,
        "isForked": false
    },
    "spawindowstablet": {
        "font_size": 167,
        "isForked": false
    },
    "spawinphone8": {
        "font_size": 167,
        "isForked": false
    },
    "tabrcandroid": {
        "font_size": 119,
        "isForked": false
    },
    "wType": "Label",
    "watchos": {
        "font_size": 71,
        "isForked": false
    },
    "windows8": {
        "font_size": 49,
        "isForked": false
    },
    "winphone8": {
        "font_size": 67,
        "isForked": false
    }
}