{
    "android": {
        "font_size": 36,
        "isForked": false
    },
    "androidwearos": {
        "font_size": 46,
        "isForked": false
    },
    "background_color": "00000000",
    "bg_type": "one",
    "border_color": "424242ff",
    "border_style": "plain",
    "border_type": 0,
    "border_width": 0,
    "desktopweb": {
        "font_name": "SourceSansPro-Regular",
        "font_size": 108,
        "isForked": false
    },
    "fontSizeInPx": true,
    "font_color": "727272ff",
    "font_name": "Helvetica",
    "font_size": 108,
    "font_style": "normal",
    "font_weight": "normal",
    "ipad": {
        "font_size": 46,
        "isForked": false
    },
    "iphone": {
        "font_size": 33,
        "isForked": false
    },
    "isDefaultSkin": false,
    "kiosk": {
        "font_size": 81,
        "isForked": false
    },
    "kuid": "s1c87442521743688fd1e0f3d874976b",
    "spaan": {
        "font_size": 108,
        "isForked": false
    },
    "spaandroidtablet": {
        "font_size": 108,
        "isForked": false
    },
    "spaip": {
        "font_size": 92,
        "isForked": false
    },
    "spaipad": {
        "font_size": 108,
        "isForked": false
    },
    "spawindowstablet": {
        "font_size": 108,
        "isForked": false
    },
    "spawinphone8": {
        "font_size": 108,
        "isForked": false
    },
    "tabrcandroid": {
        "font_size": 77,
        "isForked": false
    },
    "wType": "Label",
    "watchos": {
        "font_size": 46,
        "isForked": false
    },
    "windows8": {
        "font_size": 32,
        "isForked": false
    },
    "winphone8": {
        "font_size": 43,
        "isForked": false
    }
}