{
    "android": {
        "font_size": 20,
        "isForked": false
    },
    "background_color": "00000000",
    "bg_type": "one",
    "border_color": "424242ff",
    "border_style": "plain",
    "border_type": 0,
    "border_width": 0,
    "desktopweb": {
        "font_name": "SourceSansPro-Regular",
        "font_size": 92,
        "isForked": false
    },
    "fontSizeInPx": true,
    "font_color": "424242ff",
    "font_name": "Helvetica",
    "font_size": 92,
    "font_style": "normal",
    "font_weight": "normal",
    "ipad": {
        "font_size": 39,
        "isForked": false
    },
    "iphone": {
        "font_size": 26,
        "isForked": false
    },
    "isDefaultSkin": false,
    "kiosk": {
        "font_size": 69,
        "isForked": false
    },
    "kuid": "sb12cd38fc0545b19d215f1dce83f42a",
    "spaan": {
        "font_size": 92,
        "isForked": false
    },
    "spaandroidtablet": {
        "font_size": 92,
        "isForked": false
    },
    "spaip": {
        "font_size": 92,
        "isForked": false
    },
    "spaipad": {
        "font_size": 92,
        "isForked": false
    },
    "spawindowstablet": {
        "font_size": 92,
        "isForked": false
    },
    "spawinphone8": {
        "font_size": 92,
        "isForked": false
    },
    "tabrcandroid": {
        "font_size": 65,
        "isForked": false
    },
    "wType": "RichText",
    "watchos": {
        "font_size": 39,
        "isForked": false
    },
    "windows8": {
        "font_size": 27,
        "isForked": false
    },
    "winphone8": {
        "font_size": 37,
        "isForked": false
    }
}