{
    "android": {
        "font_name": "Helvetica",
        "font_size": 48,
        "isForked": false
    },
    "background_color": "00000000",
    "bg_type": "one",
    "border_color": "424242ff",
    "border_style": "plain",
    "border_type": 0,
    "border_width": 0,
    "desktopweb": {
        "font_name": "SourceSansPro-Regular",
        "font_size": 167,
        "isForked": false
    },
    "fontSizeInPx": true,
    "font_color": "424242ff",
    "font_name": "Helvetica",
    "font_size": 167,
    "font_style": "normal",
    "font_weight": "normal",
    "ipad": {
        "font_name": "Helvetica",
        "font_size": 71,
        "isForked": false
    },
    "iphone": {
        "font_name": "Helvetica",
        "font_size": 71,
        "isForked": false
    },
    "isDefaultSkin": false,
    "kiosk": {
        "font_name": "GenericMonospace",
        "font_size": 125,
        "isForked": false
    },
    "kuid": "sf46d41de43a4807ae3379aef1ca293a",
    "spaan": {
        "font_name": "SourceSansPro-Regular",
        "font_size": 167,
        "isForked": false
    },
    "spaandroidtablet": {
        "font_name": "SourceSansPro-Regular",
        "font_size": 167,
        "isForked": false
    },
    "spaip": {
        "font_name": "SourceSansPro-Regular",
        "font_size": 167,
        "isForked": false
    },
    "spaipad": {
        "font_name": "SourceSansPro-Regular",
        "font_size": 167,
        "isForked": false
    },
    "spawindowstablet": {
        "font_name": "Helvetica",
        "font_size": 167,
        "isForked": false
    },
    "spawinphone8": {
        "font_name": "Helvetica",
        "font_size": 167,
        "isForked": false
    },
    "tabrcandroid": {
        "font_name": "Helvetica",
        "font_size": 119,
        "isForked": false
    },
    "wType": "RichText",
    "watchos": {
        "font_name": "Helvetica",
        "font_size": 71,
        "isForked": false
    },
    "windows8": {
        "font_name": "GenericMonospace",
        "font_size": 49,
        "isForked": false
    },
    "winphone8": {
        "font_name": "GenericMonospace",
        "font_size": 67,
        "isForked": false
    }
}