{
    "android": {
        "font_name": "Helvetica",
        "font_size": 57,
        "isForked": false
    },
    "background_color": "00000000",
    "bg_type": "one",
    "border_color": "424242ff",
    "border_style": "plain",
    "border_type": 0,
    "border_width": 0,
    "desktopweb": {
        "font_name": "SourceSansPro-Regular",
        "font_size": 200,
        "isForked": false
    },
    "fontSizeInPx": true,
    "font_color": "424242ff",
    "font_name": "Helvetica",
    "font_size": 200,
    "font_style": "normal",
    "font_weight": "normal",
    "ipad": {
        "font_name": "Helvetica",
        "font_size": 86,
        "isForked": false
    },
    "iphone": {
        "font_name": "Helvetica",
        "font_size": 86,
        "isForked": false
    },
    "isDefaultSkin": false,
    "kiosk": {
        "font_name": "GenericMonospace",
        "font_size": 150,
        "isForked": false
    },
    "kuid": "s54053171dc84722aadd410cfc137838",
    "spaan": {
        "font_name": "SourceSansPro-Regular",
        "font_size": 200,
        "isForked": false
    },
    "spaandroidtablet": {
        "font_name": "SourceSansPro-Regular",
        "font_size": 200,
        "isForked": false
    },
    "spaip": {
        "font_name": "SourceSansPro-Regular",
        "font_size": 200,
        "isForked": false
    },
    "spaipad": {
        "font_name": "SourceSansPro-Regular",
        "font_size": 200,
        "isForked": false
    },
    "spawindowstablet": {
        "font_name": "Helvetica",
        "font_size": 200,
        "isForked": false
    },
    "spawinphone8": {
        "font_name": "Helvetica",
        "font_size": 200,
        "isForked": false
    },
    "tabrcandroid": {
        "font_name": "Helvetica",
        "font_size": 142,
        "isForked": false
    },
    "wType": "RichText",
    "watchos": {
        "font_name": "Helvetica",
        "font_size": 86,
        "isForked": false
    },
    "windows8": {
        "font_name": "GenericMonospace",
        "font_size": 59,
        "isForked": false
    },
    "winphone8": {
        "font_name": "GenericMonospace",
        "font_size": 80,
        "isForked": false
    }
}