{
    "android": {
        "font_name": "Helvetica",
        "font_size": 42,
        "isForked": false
    },
    "androidwearos": {
        "font_size": 54,
        "isForked": false
    },
    "background_color": "00000000",
    "bg_type": "one",
    "border_color": "424242ff",
    "border_style": "plain",
    "border_type": 0,
    "border_width": 0,
    "desktopweb": {
        "font_name": "SourceSansPro-Regular",
        "font_size": 125,
        "isForked": false
    },
    "fontSizeInPx": true,
    "font_color": "4176a4ff",
    "font_name": "Helvetica",
    "font_size": 125,
    "font_style": "normal",
    "font_weight": "normal",
    "ipad": {
        "font_name": "Helvetica",
        "font_size": 54,
        "isForked": false
    },
    "iphone": {
        "font_name": "Helvetica",
        "font_size": 52,
        "isForked": false
    },
    "isDefaultSkin": false,
    "kiosk": {
        "font_name": "GenericMonospace",
        "font_size": 94,
        "isForked": false
    },
    "kuid": "s9d6ef635a6e4ea2b6b70467b8020751",
    "spaan": {
        "font_name": "SourceSansPro-Regular",
        "font_size": 125,
        "isForked": false
    },
    "spaandroidtablet": {
        "font_name": "SourceSansPro-Regular",
        "font_size": 125,
        "isForked": false
    },
    "spaip": {
        "font_name": "SourceSansPro-Regular",
        "font_size": 97,
        "isForked": false
    },
    "spaipad": {
        "font_name": "SourceSansPro-Regular",
        "font_size": 125,
        "isForked": false
    },
    "spawindowstablet": {
        "font_name": "Helvetica",
        "font_size": 125,
        "isForked": false
    },
    "spawinphone8": {
        "font_name": "Helvetica",
        "font_size": 125,
        "isForked": false
    },
    "tabrcandroid": {
        "font_name": "Helvetica",
        "font_size": 89,
        "isForked": false
    },
    "wType": "Label",
    "watchos": {
        "font_name": "Helvetica",
        "font_size": 54,
        "isForked": false
    },
    "windows8": {
        "font_name": "GenericMonospace",
        "font_size": 37,
        "isForked": false
    },
    "winphone8": {
        "font_name": "GenericMonospace",
        "font_size": 50,
        "isForked": false
    }
}