{
    "android": {
        "font_name": "Helvetica",
        "font_size": 31,
        "isForked": false
    },
    "background_color": "00000000",
    "bg_type": "one",
    "border_color": "424242ff",
    "border_style": "plain",
    "border_type": 0,
    "border_width": 0,
    "delinkedPltfrms": {
        "desktop": [
            "desktopweb"
        ],
        "mobile": [],
        "tablet": [
            "spaipad"
        ],
        "watch": []
    },
    "desktopweb": {
        "background_color": "e3e3e3ff",
        "bg_type": "one",
        "font_color": "e3e3e3ff",
        "font_name": "SourceSansPro-Regular",
        "font_size": 108,
        "isForked": true
    },
    "fontSizeInPx": true,
    "font_color": "336591ff",
    "font_name": "Helvetica",
    "font_size": 108,
    "font_style": "normal",
    "font_weight": "normal",
    "ipad": {
        "font_name": "Helvetica",
        "font_size": 46,
        "isForked": false
    },
    "iphone": {
        "font_name": "Helvetica",
        "font_size": 46,
        "isForked": false
    },
    "isDefaultSkin": false,
    "kiosk": {
        "font_name": "GenericMonospace",
        "font_size": 81,
        "isForked": false
    },
    "kuid": "sbdeeab4f7084696b39041ac38df96c2",
    "spaan": {
        "font_name": "SourceSansPro-Regular",
        "font_size": 108,
        "isForked": false
    },
    "spaandroidtablet": {
        "font_name": "SourceSansPro-Regular",
        "font_size": 108,
        "isForked": false
    },
    "spaip": {
        "font_name": "SourceSansPro-Regular",
        "font_size": 108,
        "isForked": false
    },
    "spaipad": {
        "font_name": "SourceSansPro-Regular",
        "font_size": 108,
        "isForked": true
    },
    "spawindowstablet": {
        "font_name": "Helvetica",
        "font_size": 108,
        "isForked": false
    },
    "spawinphone8": {
        "font_name": "Helvetica",
        "font_size": 108,
        "isForked": false
    },
    "tabrcandroid": {
        "font_name": "Helvetica",
        "font_size": 77,
        "isForked": false
    },
    "wType": "Label",
    "watchos": {
        "font_name": "Helvetica",
        "font_size": 46,
        "isForked": false
    },
    "windows8": {
        "font_name": "GenericMonospace",
        "font_size": 32,
        "isForked": false
    },
    "winphone8": {
        "font_name": "GenericMonospace",
        "font_size": 43,
        "isForked": false
    }
}