{
  "android": {
    "font_name": "SourceSansPro-Regular",
    "font_size": 114,
    "isForked": false
  },
  "background_color": "ffffffff",
  "bg_type": "one",
  "border_color": "003e75ff",
  "border_radius": 3,
  "border_style": "custom",
  "border_type": 0,
  "border_width": 1,
  "desktopweb": {
    "font_size": 114,
    "isForked": false
  },
  "fontSizeInPx": false,
  "font_color": "424242ff",
  "font_name": "Helvetica",
  "font_size": 114,
  "font_style": "normal",
  "font_weight": "normal",
  "ipad": {
    "font_size": 114,
    "isForked": false
  },
  "iphone": {
    "font_name": "SourceSansPro-Regular",
    "font_size": 114,
    "isForked": false
  },
  "isDefaultSkin": false,
  "kiosk": {
    "font_size": 114,
    "isForked": false
  },
  "kuid": "s2688670ed0f4789900f7368aeda469c",
  "spaan": {
    "font_size": 114,
    "isForked": false
  },
  "spaandroidtablet": {
    "font_size": 114,
    "isForked": false
  },
  "spaip": {
    "font_size": 114,
    "isForked": false
  },
  "spaipad": {
    "font_size": 114,
    "isForked": false
  },
  "spawindowstablet": {
    "font_size": 114,
    "isForked": false
  },
  "spawinphone8": {
    "font_size": 114,
    "isForked": false
  },
  "tabrcandroid": {
    "font_size": 114,
    "isForked": false
  },
  "wType": "TextField",
  "watchos": {
    "font_size": 114,
    "isForked": false
  },
  "windows8": {
    "font_size": 114,
    "isForked": false
  },
  "winphone8": {
    "font_size": 114,
    "isForked": false
  }
}