{
    "AS_Button_cc6b87e087024810a77e558e39444722": {
        "id": "AS_Button_cc6b87e087024810a77e558e39444722",
        "type": "ACTION_SEQUENCE",
        "params": [{
            "datatype": "collection",
            "name": "eventobject"
        }],
        "contextObj": {
            "name": "frmAccountsLandingNew",
            "type": "forms",
            "platform": "",
            "KUID": "fe73628a53b0409c8b52abe9ce056521"
        },
        "language": "js",
        "actions": [{
            "id": "NAVIGATE_TO_FORM__i158c44f7f2643459f3888aa19c1cfa6",
            "type": "NAVIGATE_TO_FORM",
            "formId": "frmLogin",
            "friendlyName": "frmLogin1",
            "formKUID": "j0329c6c64654440bf366abc8de81b74",
            "mappings": {},
            "mappingsOrder": [],
            "parentId": "",
            "callbackType": null,
            "enableMappingEditor": true,
            "package": "",
            "isCustomInput": false
        }]
    }
}