{
    "AS_Button_jd7ba24236124efb8537a66ac4a97242": {
        "id": "AS_Button_jd7ba24236124efb8537a66ac4a97242",
        "type": "ACTION_SEQUENCE",
        "params": [{
            "datatype": "collection",
            "name": "eventobject"
        }],
        "contextObj": {
            "KUID": "j0329c6c64654440bf366abc8de81b74",
            "name": "frmLogin",
            "platform": "",
            "type": "forms"
        },
        "language": "js",
        "actions": [{
            "id": "ADD_SNIPPET__b40d6f2bbcf546a88bdfb5658b4cf5af",
            "type": "ADD_SNIPPET",
            "codeSnippet": "this.navigateToNewUserOnBoarding();",
            "parentId": null,
            "callbackType": null
        }]
    }
}