{
    "AS_Button_de4e981b9fec4fa78dae2465790df83f": {
        "id": "AS_Button_de4e981b9fec4fa78dae2465790df83f",
        "type": "ACTION_SEQUENCE",
        "params": [{
            "datatype": "collection",
            "name": "eventobject"
        }],
        "contextObj": {
            "KUID": "j0329c6c64654440bf366abc8de81b74",
            "name": "frmLogin",
            "platform": "",
            "type": "forms"
        },
        "language": "js",
        "actions": [{
            "id": "ADD_SNIPPET__f940b85c33fd4238990f5bfac0b55956",
            "type": "ADD_SNIPPET",
            "codeSnippet": "this.onLoginClick();",
            "parentId": null,
            "callbackType": null
        }]
    }
}