{
    "AS_Button_e5560a494d924458bc9240c27758a826": {
        "id": "AS_Button_e5560a494d924458bc9240c27758a826",
        "type": "ACTION_SEQUENCE",
        "params": [{
            "datatype": "collection",
            "name": "eventobject"
        }],
        "contextObj": {
            "KUID": "j0329c6c64654440bf366abc8de81b74",
            "name": "frmLogin",
            "platform": "",
            "type": "forms"
        },
        "language": "js",
        "actions": [{
            "id": "ADD_SNIPPET__f33ee6992b9146ea9d5b85c4ae45ccfb",
            "type": "ADD_SNIPPET",
            "codeSnippet": "this.loginLater(this.view.flxEnrollOrServerError);",
            "parentId": null,
            "callbackType": null
        }]
    }
}