{
    "AS_Button_ead9d66606d2401ea0d5e7bb9943bf25": {
        "id": "AS_Button_ead9d66606d2401ea0d5e7bb9943bf25",
        "type": "ACTION_SEQUENCE",
        "params": [{
            "datatype": "collection",
            "name": "eventobject"
        }],
        "contextObj": {
            "KUID": "j0329c6c64654440bf366abc8de81b74",
            "name": "frmLogin",
            "platform": "",
            "type": "forms"
        },
        "language": "js",
        "actions": [{
            "id": "ADD_SNIPPET__c508479b46a142d38690944dc13a2ff8",
            "type": "ADD_SNIPPET",
            "codeSnippet": "this.verifyUser();\n",
            "parentId": null,
            "callbackType": null
        }]
    }
}