{
    "AS_Button_f9ea3f81e7b1426d8805c5013a300107": {
        "id": "AS_Button_f9ea3f81e7b1426d8805c5013a300107",
        "type": "ACTION_SEQUENCE",
        "params": [{
            "datatype": "collection",
            "name": "eventobject"
        }],
        "contextObj": {
            "name": "frmTerms",
            "type": "forms",
            "platform": null,
            "KUID": "e1c595b07f7d49db95ad48e0f4dba981"
        },
        "language": "js",
        "actions": [{
            "id": "NAVIGATE_TO_FORM__ide_onClick_ha9c1bf9f4d74f2f92fb0f71460affb2",
            "type": "NAVIGATE_TO_FORM",
            "formId": "frmLogin",
            "friendlyName": "frmLogin1",
            "formKUID": "j0329c6c64654440bf366abc8de81b74",
            "mappings": {},
            "mappingsOrder": [],
            "callbackType": null,
            "enableMappingEditor": true,
            "package": "",
            "isCustomInput": false
        }]
    }
}