{
    "AS_Button_b1c783f693db4c88b35b960d93ccc013": {
        "id": "AS_Button_b1c783f693db4c88b35b960d93ccc013",
        "type": "ACTION_SEQUENCE",
        "params": [{
            "datatype": "collection",
            "name": "eventobject"
        }],
        "contextObj": {
            "KUID": "j0329c6c64654440bf366abc8de81b74",
            "name": "frmLogin",
            "platform": "",
            "type": "forms"
        },
        "language": "js",
        "actions": [{
            "id": "ADD_SNIPPET__bdbec315f6014aeba6f66f44b3e0186f",
            "type": "ADD_SNIPPET",
            "codeSnippet": "//this.verifyUser();\nvar context = {\"action\":\"NavigateToEnroll\"};\nvar enrollModule = kony.mvc.MDAApplication.getSharedInstance().getModuleManager().getModule(\"EnrollModule\");\nenrollModule.presentationController.showEnrollPage(context);",
            "parentId": null,
            "callbackType": null
        }]
    }
}