{
    "AS_Button_e674540514d44d46a690c2ba43e3d1bf": {
        "id": "AS_Button_e674540514d44d46a690c2ba43e3d1bf",
        "type": "ACTION_SEQUENCE",
        "params": [{
            "datatype": "collection",
            "name": "eventobject"
        }],
        "contextObj": {
            "KUID": "j0329c6c64654440bf366abc8de81b74",
            "name": "frmLogin",
            "platform": "",
            "type": "forms"
        },
        "language": "js",
        "actions": [{
            "id": "ADD_SNIPPET__c97107957b6e4916a523f73943a0d876",
            "type": "ADD_SNIPPET",
            "codeSnippet": "this.isOTPCorrect();",
            "parentId": null,
            "callbackType": null
        }]
    }
}