{
    "AS_Button_ec982f6c3e4d43dda32d288ea7cb89ea": {
        "id": "AS_Button_ec982f6c3e4d43dda32d288ea7cb89ea",
        "type": "ACTION_SEQUENCE",
        "params": [{
            "datatype": "collection",
            "name": "eventobject"
        }],
        "contextObj": {
            "KUID": "j0329c6c64654440bf366abc8de81b74",
            "name": "frmLogin",
            "platform": "",
            "type": "forms"
        },
        "language": "js",
        "actions": [{
            "id": "ADD_SNIPPET__a4347846aa1c43a799d0c344371e6f89",
            "type": "ADD_SNIPPET",
            "codeSnippet": "this.isCVVCorrect();",
            "parentId": null,
            "callbackType": null
        }]
    }
}