{
    "AS_Button_c3f3b614ef974d01822ba57f93ce1714": {
        "id": "AS_Button_c3f3b614ef974d01822ba57f93ce1714",
        "type": "ACTION_SEQUENCE",
        "params": [{
            "datatype": "collection",
            "name": "eventobject"
        }],
        "contextObj": {
            "KUID": "j0329c6c64654440bf366abc8de81b74",
            "name": "frmLogin",
            "platform": "",
            "type": "forms"
        },
        "language": "js",
        "actions": [{
            "id": "ADD_SNIPPET__b7ac9b27dfca45b4bf33b5592390c3a1",
            "type": "ADD_SNIPPET",
            "codeSnippet": "this.letsGetStarted();",
            "parentId": null,
            "callbackType": null
        }]
    }
}