{
    "AS_Button_bdb7d79246ab43e38d477d71090512cd": {
        "id": "AS_Button_bdb7d79246ab43e38d477d71090512cd",
        "type": "ACTION_SEQUENCE",
        "params": [{
            "datatype": "collection",
            "name": "eventobject"
        }],
        "contextObj": {
            "KUID": "j0329c6c64654440bf366abc8de81b74",
            "name": "frmLogin",
            "platform": "",
            "type": "forms"
        },
        "language": "js",
        "actions": [{
            "id": "ADD_SNIPPET__h17d12a5771140adbf7c765d16ba05e7",
            "type": "ADD_SNIPPET",
            "codeSnippet": "this.useCVVForReset();",
            "parentId": null,
            "callbackType": null
        }]
    }
}