{
    "AS_Button_ie4688df9bed49909277fa74cc9a8cce": {
        "id": "AS_Button_ie4688df9bed49909277fa74cc9a8cce",
        "type": "ACTION_SEQUENCE",
        "params": [{
            "datatype": "collection",
            "name": "eventobject"
        }],
        "contextObj": {
            "KUID": "j0329c6c64654440bf366abc8de81b74",
            "name": "frmLogin",
            "platform": "",
            "type": "forms"
        },
        "language": "js",
        "actions": [{
            "id": "ADD_SNIPPET__dd3984b68f9b42eb8cffd4355912857c",
            "type": "ADD_SNIPPET",
            "codeSnippet": "this.loginLater(this.view.flxResetSuccessful);",
            "parentId": null,
            "callbackType": null
        }]
    }
}