{
    "AS_Button_je1a71e9e3a441829c006de52cf56f16": {
        "id": "AS_Button_je1a71e9e3a441829c006de52cf56f16",
        "type": "ACTION_SEQUENCE",
        "params": [{
            "datatype": "collection",
            "name": "eventobject"
        }],
        "contextObj": {
            "KUID": "j0329c6c64654440bf366abc8de81b74",
            "name": "frmLogin",
            "platform": "",
            "type": "forms"
        },
        "language": "js",
        "actions": [{
            "id": "ADD_SNIPPET__he2daf37fafd4ec1a466b9d0bf78cb31",
            "type": "ADD_SNIPPET",
            "codeSnippet": "this.requestOTPValue();",
            "parentId": null,
            "callbackType": null
        }]
    }
}