{
    "AS_Button_b014ab53d3c6421cb0d39f83ae5e147f": {
        "id": "AS_Button_b014ab53d3c6421cb0d39f83ae5e147f",
        "type": "ACTION_SEQUENCE",
        "params": [{
            "datatype": "collection",
            "name": "eventobject"
        }],
        "contextObj": {
            "KUID": "j0329c6c64654440bf366abc8de81b74",
            "name": "frmLogin",
            "platform": "",
            "type": "forms"
        },
        "language": "js",
        "actions": [{
            "id": "ADD_SNIPPET__i94582b0bb084c1892e1bc5d7f1dcafb",
            "type": "ADD_SNIPPET",
            "codeSnippet": "this.useCVVForReset();",
            "parentId": null,
            "callbackType": null
        }]
    }
}