{
    "AS_Button_f30ad6790c514d8b9e3a3b6642ab8841": {
        "id": "AS_Button_f30ad6790c514d8b9e3a3b6642ab8841",
        "type": "ACTION_SEQUENCE",
        "params": [{
            "datatype": "collection",
            "name": "eventobject"
        }],
        "contextObj": {
            "KUID": "j0329c6c64654440bf366abc8de81b74",
            "name": "frmLogin",
            "platform": "",
            "type": "forms"
        },
        "language": "js",
        "actions": [{
            "id": "ADD_SNIPPET__d6c33eae86ab4da2b7e239a8a1faff49",
            "type": "ADD_SNIPPET",
            "codeSnippet": "this.btnYesTakeSurvey();",
            "parentId": null,
            "callbackType": null
        }]
    }
}