{
    "AS_Button_ea17702b24d74d10b184d18ad2c0577a": {
        "id": "AS_Button_ea17702b24d74d10b184d18ad2c0577a",
        "type": "ACTION_SEQUENCE",
        "params": [{
            "datatype": "collection",
            "name": "eventobject"
        }],
        "contextObj": {
            "KUID": "j0329c6c64654440bf366abc8de81b74",
            "name": "frmLogin",
            "platform": "",
            "type": "forms"
        },
        "language": "js",
        "actions": [{
            "id": "ADD_SNIPPET__cdc00bb9633a427ea0a089e1b47db78a",
            "type": "ADD_SNIPPET",
            "codeSnippet": "this.loginLater(this.view.flxResetSuccessful);",
            "parentId": null,
            "callbackType": null
        }]
    }
}