{
    "AS_Button_h0c2d4ac9a9541d0b2f89594a2bde8d9": {
        "id": "AS_Button_h0c2d4ac9a9541d0b2f89594a2bde8d9",
        "type": "ACTION_SEQUENCE",
        "params": [{
            "datatype": "collection",
            "name": "eventobject"
        }],
        "contextObj": {
            "name": "frmLogin",
            "type": "forms",
            "platform": "",
            "KUID": "j0329c6c64654440bf366abc8de81b74"
        },
        "language": "js",
        "actions": [{
            "id": "NAVIGATE_TO_FORM__a26b395da95446beb7a5571984d07f0e",
            "type": "NAVIGATE_TO_FORM",
            "formId": "frmAccountsLandingNew",
            "formKUID": "fe73628a53b0409c8b52abe9ce056521",
            "mappings": {},
            "mappingsOrder": [],
            "enableMappingEditor": true,
            "package": "",
            "isCustomInput": false
        }]
    }
}