{
    "AS_Button_da99080919b041c4ac365b2690a28094": {
        "id": "AS_Button_da99080919b041c4ac365b2690a28094",
        "type": "ACTION_SEQUENCE",
        "params": [{
            "datatype": "collection",
            "name": "eventobject"
        }],
        "contextObj": {
            "KUID": "j0329c6c64654440bf366abc8de81b74",
            "name": "frmLogin",
            "platform": "",
            "type": "forms"
        },
        "language": "js",
        "actions": [{
            "id": "ADD_SNIPPET__ae7f1f3bc3634cf9912c050dd2277668",
            "type": "ADD_SNIPPET",
            "codeSnippet": "this.useOTPForReset();",
            "parentId": null,
            "callbackType": null
        }]
    }
}