{
    "AS_Button_hb4e02e809db4e1bae0ba4b9556b99ea": {
        "id": "AS_Button_hb4e02e809db4e1bae0ba4b9556b99ea",
        "type": "ACTION_SEQUENCE",
        "params": [{
            "datatype": "collection",
            "name": "eventobject"
        }],
        "contextObj": {
            "KUID": "j0329c6c64654440bf366abc8de81b74",
            "name": "frmLogin",
            "platform": "",
            "type": "forms"
        },
        "language": "js",
        "actions": [{
            "id": "ADD_SNIPPET__bdb12ba8cc3344039e101ecd34237f78",
            "type": "ADD_SNIPPET",
            "codeSnippet": "this.loginLater(this.view.flxEnrollOrServerError);",
            "parentId": null,
            "callbackType": null
        }]
    }
}