{
    "AS_Button_g8926370565949d99200dc018568c10c": {
        "id": "AS_Button_g8926370565949d99200dc018568c10c",
        "type": "ACTION_SEQUENCE",
        "params": [{
            "datatype": "collection",
            "name": "eventobject"
        }],
        "contextObj": {
            "KUID": "j0329c6c64654440bf366abc8de81b74",
            "name": "frmLogin",
            "platform": "",
            "type": "forms"
        },
        "language": "js",
        "actions": [{
            "id": "ADD_SNIPPET__f1ad699dd5df4749a574f4012fa25098",
            "type": "ADD_SNIPPET",
            "codeSnippet": "this.showResetConfirmationPage();",
            "parentId": null,
            "callbackType": null
        }]
    }
}