{
    "AS_Button_ja24bde46bf44018b58917cff76e85aa": {
        "id": "AS_Button_ja24bde46bf44018b58917cff76e85aa",
        "type": "ACTION_SEQUENCE",
        "params": [{
            "datatype": "collection",
            "name": "eventobject"
        }],
        "contextObj": {
            "KUID": "j0329c6c64654440bf366abc8de81b74",
            "name": "frmLogin",
            "platform": "",
            "type": "forms"
        },
        "language": "js",
        "actions": [{
            "id": "ADD_SNIPPET__heac0d39d6c84d3ea16937f696abe7af",
            "type": "ADD_SNIPPET",
            "codeSnippet": "this.btnNoTakeSurvey();\n",
            "parentId": null,
            "callbackType": null
        }]
    }
}