{
    "AS_Button_df12693ac5b44c3b9864b1091128b959": {
        "id": "AS_Button_df12693ac5b44c3b9864b1091128b959",
        "type": "ACTION_SEQUENCE",
        "params": [{
            "datatype": "collection",
            "name": "eventobject"
        }],
        "contextObj": {
            "KUID": "j0329c6c64654440bf366abc8de81b74",
            "name": "frmLogin",
            "platform": "",
            "type": "forms"
        },
        "language": "js",
        "actions": [{
            "id": "ADD_SNIPPET__b75a73ea57fa4b64a5d7b20f63c3248d",
            "type": "ADD_SNIPPET",
            "codeSnippet": "this.verifyUserDetails();",
            "parentId": null,
            "callbackType": null
        }]
    }
}