{
    "AS_FlexContainer_a3d299802f454408b40d3b11f129fe43": {
        "id": "AS_FlexContainer_a3d299802f454408b40d3b11f129fe43",
        "type": "ACTION_SEQUENCE",
        "params": [{
            "datatype": "collection",
            "name": "eventobject"
        }, {
            "datatype": "collection",
            "name": "context"
        }],
        "contextObj": {
            "KUID": "ab423148644145ab95502e5dce866cde",
            "name": "segHolisticAccountListItem",
            "platform": null,
            "type": "templates"
        },
        "language": "js",
        "actions": [{
            "id": "ADD_SNIPPET_ide_onClick_dec668b83d904fe7bd8e2f63ac3184ac",
            "type": "ADD_SNIPPET",
            "codeSnippet": "this.menuPressed();",
            "callbackType": null
        }]
    }
}