{
    "AS_FlexContainer_i382c9547cf240a0b25d506a41cf1bed": {
        "id": "AS_FlexContainer_i382c9547cf240a0b25d506a41cf1bed",
        "type": "ACTION_SEQUENCE",
        "params": [{
            "datatype": "collection",
            "name": "eventobject"
        }],
        "contextObj": {
            "name": "frmTerms",
            "type": "forms",
            "platform": null,
            "KUID": "e1c595b07f7d49db95ad48e0f4dba981"
        },
        "language": "js",
        "actions": [{
            "id": "NAVIGATE_TO_FORM__ec6059c1d2ca44429129d8550e956937",
            "type": "NAVIGATE_TO_FORM",
            "formId": "frmAccountsLandingNew",
            "formKUID": "fe73628a53b0409c8b52abe9ce056521",
            "mappings": {},
            "mappingsOrder": [],
            "enableMappingEditor": true,
            "package": "",
            "isCustomInput": false
        }]
    }
}