{
    "AS_FlexContainer_i01c63425ad645a8907c875a2313d1cb": {
        "id": "AS_FlexContainer_i01c63425ad645a8907c875a2313d1cb",
        "type": "ACTION_SEQUENCE",
        "params": [{
            "datatype": "collection",
            "name": "eventobject"
        }, {
            "datatype": "collection",
            "name": "context"
        }],
        "contextObj": {
            "KUID": "bd62770ffa4749bf9c7620f441c78f39",
            "name": "segAccountListItem",
            "platform": "",
            "type": "templates"
        },
        "language": "js",
        "actions": [{
            "id": "ADD_SNIPPET__fa73e1430e84489294b2bf71da836778",
            "type": "ADD_SNIPPET",
            "codeSnippet": "this.imgPressed();",
            "parentId": null,
            "callbackType": null
        }]
    }
}