{
    "AS_FlexContainer_f40184f7a43448b0ab98aa871fa5f37b": {
        "id": "AS_FlexContainer_f40184f7a43448b0ab98aa871fa5f37b",
        "type": "ACTION_SEQUENCE",
        "params": [{
            "datatype": "collection",
            "name": "eventobject"
        }],
        "contextObj": {
            "KUID": "j0329c6c64654440bf366abc8de81b74",
            "name": "frmLogin",
            "platform": "",
            "type": "forms"
        },
        "language": "js",
        "actions": [{
            "id": "ADD_SNIPPET__e6f1310b76324f2eba088bf0a12f4304",
            "type": "ADD_SNIPPET",
            "codeSnippet": "this.onFeedbackCrossClick();",
            "parentId": null,
            "callbackType": null
        }]
    }
}