{
    "AS_Image_f7db1b8a2aac41a58313ea51188ec069": {
        "id": "AS_Image_f7db1b8a2aac41a58313ea51188ec069",
        "type": "ACTION_SEQUENCE",
        "params": [{
            "datatype": "collection",
            "name": "eventobject"
        }, {
            "datatype": "string",
            "name": "x"
        }, {
            "datatype": "string",
            "name": "y"
        }],
        "contextObj": {
            "name": "frmAccountsLandingNew",
            "type": "forms",
            "platform": "",
            "KUID": "fe73628a53b0409c8b52abe9ce056521"
        },
        "language": "js",
        "actions": [{
            "id": "NAVIGATE_TO_FORM__b61886aab9c94e27bb8a9fbbcfa7c270",
            "type": "NAVIGATE_TO_FORM",
            "formId": "frmTerms",
            "formKUID": "e1c595b07f7d49db95ad48e0f4dba981",
            "mappings": {},
            "mappingsOrder": [],
            "enableMappingEditor": true,
            "package": "",
            "isCustomInput": false
        }]
    }
}