{
    "AS_Image_a77ff3d5f598477d96ba8a7a74a917ea": {
        "id": "AS_Image_a77ff3d5f598477d96ba8a7a74a917ea",
        "type": "ACTION_SEQUENCE",
        "params": [{
            "datatype": "collection",
            "name": "eventobject"
        }, {
            "datatype": "string",
            "name": "x"
        }, {
            "datatype": "string",
            "name": "y"
        }],
        "contextObj": {
            "KUID": "j0329c6c64654440bf366abc8de81b74",
            "name": "frmLogin",
            "platform": "",
            "type": "forms"
        },
        "language": "js",
        "actions": [{
            "id": "ADD_SNIPPET__ia02a89ea7fa44668bfc6ba8e30aeb17",
            "type": "ADD_SNIPPET",
            "codeSnippet": "this.showOTP();",
            "parentId": null,
            "callbackType": null
        }]
    }
}