{
    "AS_ListBox_fbceb21f4ddd4de1a9a20791e2251754": {
        "id": "AS_ListBox_fbceb21f4ddd4de1a9a20791e2251754",
        "type": "ACTION_SEQUENCE",
        "params": [{
            "datatype": "collection",
            "name": "eventobject"
        }],
        "contextObj": {
            "KUID": "j0329c6c64654440bf366abc8de81b74",
            "name": "frmLogin",
            "platform": "",
            "type": "forms"
        },
        "language": "js",
        "actions": [{
            "id": "ADD_SNIPPET__b7be5140de2043b7b9f62c451bd5f385",
            "type": "ADD_SNIPPET",
            "codeSnippet": "this.allFieldsCheck();",
            "parentId": null,
            "callbackType": null
        }]
    }
}