{
    "AS_ListBox_c790c4d06bea4977bc373f4d4d1d535c": {
        "id": "AS_ListBox_c790c4d06bea4977bc373f4d4d1d535c",
        "type": "ACTION_SEQUENCE",
        "params": [{
            "datatype": "collection",
            "name": "eventobject"
        }, {
            "datatype": "string",
            "name": "x"
        }, {
            "datatype": "string",
            "name": "y"
        }],
        "contextObj": {
            "KUID": "j0329c6c64654440bf366abc8de81b74",
            "name": "frmLogin",
            "platform": "",
            "type": "forms"
        },
        "language": "js",
        "actions": [{
            "id": "ADD_SNIPPET__c6c11621f54b4440b8df7a6e44e2fb23",
            "type": "ADD_SNIPPET",
            "codeSnippet": "// this.presenter.showCVVCards(this);",
            "parentId": null,
            "callbackType": null
        }]
    }
}