{
    "AS_Label_hbeccaed576f4fe2b9a931795bd748aa": {
        "id": "AS_Label_hbeccaed576f4fe2b9a931795bd748aa",
        "type": "ACTION_SEQUENCE",
        "params": [{
            "datatype": "collection",
            "name": "eventobject"
        }, {
            "datatype": "string",
            "name": "x"
        }, {
            "datatype": "string",
            "name": "y"
        }],
        "contextObj": {
            "KUID": "j0329c6c64654440bf366abc8de81b74",
            "name": "frmLogin",
            "platform": "",
            "type": "forms"
        },
        "language": "js",
        "actions": [{
            "id": "ADD_SNIPPET__b72700cebaa9486aa4140aea2446516b",
            "type": "ADD_SNIPPET",
            "codeSnippet": "this.returnToLogin();",
            "parentId": null,
            "callbackType": null
        }]
    }
}