{
    "AS_Label_i42f725ef46b45e99cce71913bc61655": {
        "id": "AS_Label_i42f725ef46b45e99cce71913bc61655",
        "type": "ACTION_SEQUENCE",
        "params": [{
            "datatype": "collection",
            "name": "eventobject"
        }, {
            "datatype": "string",
            "name": "x"
        }, {
            "datatype": "string",
            "name": "y"
        }],
        "contextObj": {
            "KUID": "j0329c6c64654440bf366abc8de81b74",
            "name": "frmLogin",
            "platform": "",
            "type": "forms"
        },
        "language": "js",
        "actions": [{
            "id": "INVOKE_FUNCTION___da724488773245079e5ccb0e41092b3a",
            "type": "INVOKE_FUNCTION",
            "display": "<>",
            "inputparams": [],
            "parentId": null,
            "callbackType": null,
            "disabled": true,
            "source": "module"
        }]
    }
}