{
    "AS_ListBox_gcfe9c71f0534d908d98a6f965b3fd53": {
        "id": "AS_ListBox_gcfe9c71f0534d908d98a6f965b3fd53",
        "type": "ACTION_SEQUENCE",
        "params": [{
            "datatype": "collection",
            "name": "eventobject"
        }],
        "contextObj": {
            "KUID": "j0329c6c64654440bf366abc8de81b74",
            "name": "frmLogin",
            "platform": "",
            "type": "forms"
        },
        "language": "js",
        "actions": [{
            "id": "ADD_SNIPPET__j7773d31def340ca9c03e3fda8d2f9cc",
            "type": "ADD_SNIPPET",
            "codeSnippet": "this.allFieldsCheck();",
            "parentId": null,
            "callbackType": null
        }]
    }
}