{
    "AS_ListBox_f02eb01ff527451f94db938c8addb1e6": {
        "id": "AS_ListBox_f02eb01ff527451f94db938c8addb1e6",
        "type": "ACTION_SEQUENCE",
        "params": [{
            "datatype": "collection",
            "name": "eventobject"
        }],
        "contextObj": {
            "KUID": "j0329c6c64654440bf366abc8de81b74",
            "name": "frmLogin",
            "platform": "",
            "type": "forms"
        },
        "language": "js",
        "actions": [{
            "id": "ADD_SNIPPET__ged0909d76504615a863883c0f8c5f68",
            "type": "ADD_SNIPPET",
            "codeSnippet": "this.allFieldsCheck();",
            "parentId": null,
            "callbackType": null
        }]
    }
}