{
    "AS_Segment_e71ec59a0219453f9933531a29981d7c": {
        "id": "AS_Segment_e71ec59a0219453f9933531a29981d7c",
        "type": "ACTION_SEQUENCE",
        "params": [{
            "datatype": "collection",
            "name": "eventobject"
        }, {
            "datatype": "number",
            "name": "sectionNumber"
        }, {
            "datatype": "number",
            "name": "rowNumber"
        }],
        "contextObj": {
            "KUID": "j0329c6c64654440bf366abc8de81b74",
            "name": "frmLogin",
            "platform": "",
            "type": "forms"
        },
        "language": "js",
        "actions": [{
            "id": "ADD_SNIPPET__jb7b9735ab684524a7ab64b828367aac",
            "type": "ADD_SNIPPET",
            "codeSnippet": "this.selectUserName();",
            "parentId": null,
            "callbackType": null
        }]
    }
}