{
    "AS_Segment_a7f920ba00b74a61829eea1648992834": {
        "id": "AS_Segment_a7f920ba00b74a61829eea1648992834",
        "type": "ACTION_SEQUENCE",
        "params": [{
            "datatype": "collection",
            "name": "eventobject"
        }, {
            "datatype": "number",
            "name": "sectionNumber"
        }, {
            "datatype": "number",
            "name": "rowNumber"
        }],
        "contextObj": {
            "KUID": "j0329c6c64654440bf366abc8de81b74",
            "name": "frmLogin",
            "platform": "",
            "type": "forms"
        },
        "language": "js",
        "actions": [{
            "id": "ADD_SNIPPET__j3a930f9c2664ac7b656670f30dfa061",
            "type": "ADD_SNIPPET",
            "codeSnippet": "this.selectYourLanguage();",
            "parentId": null,
            "callbackType": null
        }]
    }
}