{
    "AS_TextField_fecb63274ea6496298bc7eb0399a4e65": {
        "id": "AS_TextField_fecb63274ea6496298bc7eb0399a4e65",
        "type": "ACTION_SEQUENCE",
        "params": [{
            "datatype": "collection",
            "name": "eventobject"
        }, {
            "datatype": "string",
            "name": "changedtext"
        }],
        "contextObj": {
            "KUID": "j0329c6c64654440bf366abc8de81b74",
            "name": "frmLogin",
            "platform": "",
            "type": "forms"
        },
        "language": "js",
        "actions": [{
            "id": "ADD_SNIPPET__eea78acc5c7f43d084a6440c27bfc15c",
            "type": "ADD_SNIPPET",
            "codeSnippet": "this.allFieldsCheck();\nthis.ssnCheck();",
            "parentId": null,
            "callbackType": null
        }]
    }
}