{
    "AS_TextField_e1039fff3fb44a11822e0ea10aa5484e": {
        "id": "AS_TextField_e1039fff3fb44a11822e0ea10aa5484e",
        "type": "ACTION_SEQUENCE",
        "params": [{
            "datatype": "collection",
            "name": "eventobject"
        }],
        "contextObj": {
            "KUID": "j0329c6c64654440bf366abc8de81b74",
            "name": "frmLogin",
            "platform": "",
            "type": "forms"
        },
        "language": "js",
        "actions": [{
            "id": "ADD_SNIPPET__fdda80c6f61b480789caa74cc9ac78a1",
            "type": "ADD_SNIPPET",
            "codeSnippet": "this.cvvCheck(); ",
            "parentId": null,
            "callbackType": null
        }]
    }
}