{
    "AS_TextField_fa38daa7fb6b49ec9c678fb05e33dc01": {
        "id": "AS_TextField_fa38daa7fb6b49ec9c678fb05e33dc01",
        "type": "ACTION_SEQUENCE",
        "params": [{
            "datatype": "collection",
            "name": "eventobject"
        }, {
            "datatype": "string",
            "name": "x"
        }, {
            "datatype": "string",
            "name": "y"
        }],
        "contextObj": {
            "KUID": "j0329c6c64654440bf366abc8de81b74",
            "name": "frmLogin",
            "platform": "",
            "type": "forms"
        },
        "language": "js",
        "actions": [{
            "id": "ADD_SNIPPET__j08271aee5924a2f831591f887ea5bc1",
            "type": "ADD_SNIPPET",
            "codeSnippet": "this.capsLockIndicatorForPassword();",
            "parentId": null,
            "callbackType": null
        }]
    }
}