{
    "AS_TextField_e25e2c8920d64fdb8aa3e67f2043fbfd": {
        "id": "AS_TextField_e25e2c8920d64fdb8aa3e67f2043fbfd",
        "type": "ACTION_SEQUENCE",
        "params": [{
            "datatype": "collection",
            "name": "eventobject"
        }, {
            "datatype": "string",
            "name": "x"
        }, {
            "datatype": "string",
            "name": "y"
        }],
        "contextObj": {
            "KUID": "j0329c6c64654440bf366abc8de81b74",
            "name": "frmLogin",
            "platform": "",
            "type": "forms"
        },
        "language": "js",
        "actions": [{
            "id": "ADD_SNIPPET__cd79f971589a4237972f757f7af69b74",
            "type": "ADD_SNIPPET",
            "codeSnippet": "this.capsLockIndicatorForUserName();",
            "parentId": null,
            "callbackType": null
        }]
    }
}