{
    "AS_TextField_b50ede3cf1f74ff1a4799c8adb4e3dcd": {
        "id": "AS_TextField_b50ede3cf1f74ff1a4799c8adb4e3dcd",
        "type": "ACTION_SEQUENCE",
        "params": [{
            "datatype": "collection",
            "name": "eventobject"
        }, {
            "datatype": "string",
            "name": "changedtext"
        }],
        "contextObj": {
            "KUID": "j0329c6c64654440bf366abc8de81b74",
            "name": "frmLogin",
            "platform": "",
            "type": "forms"
        },
        "language": "js",
        "actions": [{
            "id": "ADD_SNIPPET__fb33b5f08e8f4d338ac4eb329954c9fb",
            "type": "ADD_SNIPPET",
            "codeSnippet": "this.setNormalSkin(this.view.main.flxPassword);\nthis.view.main.lblPasswordCapsLocIndicator.setVisibility(false);",
            "parentId": null,
            "callbackType": null
        }]
    }
}