{
    "AS_TextField_j0019f86f656471d85690a0d9c52a0fe": {
        "id": "AS_TextField_j0019f86f656471d85690a0d9c52a0fe",
        "type": "ACTION_SEQUENCE",
        "params": [{
            "datatype": "collection",
            "name": "eventobject"
        }, {
            "datatype": "string",
            "name": "changedtext"
        }],
        "contextObj": {
            "KUID": "j0329c6c64654440bf366abc8de81b74",
            "name": "frmLogin",
            "platform": "",
            "type": "forms"
        },
        "language": "js",
        "actions": [{
            "id": "ADD_SNIPPET__cb6c748c9c1d4017998885458a5131b1",
            "type": "ADD_SNIPPET",
            "codeSnippet": "this.reTypeOTP();",
            "parentId": null,
            "callbackType": null
        }]
    }
}