{
    "AS_TextField_bcdc10ae8b1a403c82fa05d79cf6b6df": {
        "id": "AS_TextField_bcdc10ae8b1a403c82fa05d79cf6b6df",
        "type": "ACTION_SEQUENCE",
        "params": [{
            "datatype": "collection",
            "name": "eventobject"
        }, {
            "datatype": "string",
            "name": "changedtext"
        }],
        "contextObj": {
            "KUID": "j0329c6c64654440bf366abc8de81b74",
            "name": "frmLogin",
            "platform": "",
            "type": "forms"
        },
        "language": "js",
        "actions": [{
            "id": "ADD_SNIPPET__bd2a35d6be7c4b10b176430d0998bc46",
            "type": "ADD_SNIPPET",
            "codeSnippet": "this.toEnableOrDisableLogin();",
            "parentId": null,
            "callbackType": null
        }]
    }
}