{
    "AS_TextField_g6943b93f48a40b4b3253ac5cc4bacc3": {
        "id": "AS_TextField_g6943b93f48a40b4b3253ac5cc4bacc3",
        "type": "ACTION_SEQUENCE",
        "params": [{
            "datatype": "collection",
            "name": "eventobject"
        }],
        "contextObj": {
            "KUID": "j0329c6c64654440bf366abc8de81b74",
            "name": "frmLogin",
            "platform": "",
            "type": "forms"
        },
        "language": "js",
        "actions": [{
            "id": "ADD_SNIPPET__ce2e47cdce5d4c26999aee54a2c8c334",
            "type": "ADD_SNIPPET",
            "codeSnippet": "this.otpCheck();",
            "parentId": null,
            "callbackType": null
        }]
    }
}