{
    "AS_TextField_ab492a75ee104b79bcef227862bd1dd1": {
        "id": "AS_TextField_ab492a75ee104b79bcef227862bd1dd1",
        "type": "ACTION_SEQUENCE",
        "params": [{
            "datatype": "collection",
            "name": "eventobject"
        }, {
            "datatype": "string",
            "name": "changedtext"
        }],
        "contextObj": {
            "KUID": "j0329c6c64654440bf366abc8de81b74",
            "name": "frmLogin",
            "platform": "",
            "type": "forms"
        },
        "language": "js",
        "actions": [{
            "id": "ADD_SNIPPET__b5f332f06b4842219b491eda7627c304",
            "type": "ADD_SNIPPET",
            "codeSnippet": "this.allFieldsCheck();",
            "parentId": null,
            "callbackType": null
        }]
    }
}