{
    "AS_TextField_f21640467d6440dcbb0abd7833eb9542": {
        "id": "AS_TextField_f21640467d6440dcbb0abd7833eb9542",
        "type": "ACTION_SEQUENCE",
        "params": [{
            "datatype": "collection",
            "name": "eventobject"
        }],
        "contextObj": {
            "KUID": "c0567b2e5ece4b0cbbe1b35e3c8f3103",
            "platform": "",
            "type": "forms"
        },
        "language": "js",
        "actions": [{
            "id": "ADD_SNIPPET__aab20d089ea84e1dae089ed956aaafb2",
            "type": "ADD_SNIPPET",
            "codeSnippet": "this.onTextChangeOfExternalBankSearch();",
            "parentId": null,
            "callbackType": null
        }]
    }
}