{
    "AS_TextField_c2d9de5f0b544570a165739090cb744c": {
        "id": "AS_TextField_c2d9de5f0b544570a165739090cb744c",
        "type": "ACTION_SEQUENCE",
        "params": [{
            "datatype": "collection",
            "name": "eventobject"
        }, {
            "datatype": "string",
            "name": "changedtext"
        }],
        "contextObj": {
            "KUID": "j0329c6c64654440bf366abc8de81b74",
            "name": "frmLogin",
            "platform": "",
            "type": "forms"
        },
        "language": "js",
        "actions": [{
            "id": "ADD_SNIPPET__d8a3752abcb14f44a7c1d3c1958918fe",
            "type": "ADD_SNIPPET",
            "codeSnippet": "this.reEnterCVV();",
            "parentId": null,
            "callbackType": null
        }]
    }
}