{
    "AS_UWI_g49f33dc26c54fb5af2ced556a943d58": {
        "id": "AS_UWI_g49f33dc26c54fb5af2ced556a943d58",
        "type": "ACTION_SEQUENCE",
        "params": [{
            "datatype": "collection",
            "name": "eventobject"
        }, {
            "datatype": "string",
            "name": "x"
        }, {
            "datatype": "string",
            "name": "y"
        }],
        "language": "js",
        "actions": [{
            "id": "ADD_SNIPPET_ide_onTouchStart_d03dad042fbd42848af6d6fe7282c2c2",
            "type": "ADD_SNIPPET",
            "codeSnippet": "this.goToPasswordResetOptionsPage();",
            "callbackType": null
        }]
    }
}