{
    "AS_UWI_ed53609c73864a7187559ff06aed44c6": {
        "id": "AS_UWI_ed53609c73864a7187559ff06aed44c6",
        "type": "ACTION_SEQUENCE",
        "params": [{
            "datatype": "collection",
            "name": "eventobject"
        }, {
            "datatype": "string",
            "name": "x"
        }, {
            "datatype": "string",
            "name": "y"
        }],
        "language": "js",
        "actions": [{
            "id": "ADD_SNIPPET_ide_onTouchStart_ic9b45ea18744dafb51e5c3152c797de",
            "type": "ADD_SNIPPET",
            "codeSnippet": "this.showEnterCVVPage();",
            "callbackType": null
        }]
    }
}