{
    "AS_UWI_febaf38267ab420ea10a7175c9a77888": {
        "id": "AS_UWI_febaf38267ab420ea10a7175c9a77888",
        "type": "ACTION_SEQUENCE",
        "params": [{
            "datatype": "collection",
            "name": "eventobject"
        }, {
            "datatype": "string",
            "name": "x"
        }, {
            "datatype": "string",
            "name": "y"
        }],
        "language": "js",
        "actions": [{
            "id": "ADD_SNIPPET_ide_onTouchStart_h59ff28139bb4495970157cf14b4cb3f",
            "type": "ADD_SNIPPET",
            "codeSnippet": "this.loginWithVerifiedUserName();",
            "callbackType": null
        }]
    }
}