{
    "AS_UWI_d63f35e0cf744eaab601100605282f5d": {
        "id": "AS_UWI_d63f35e0cf744eaab601100605282f5d",
        "type": "ACTION_SEQUENCE",
        "params": [{
            "datatype": "collection",
            "name": "eventobject"
        }, {
            "datatype": "string",
            "name": "x"
        }, {
            "datatype": "string",
            "name": "y"
        }],
        "language": "js",
        "actions": [{
            "id": "ADD_SNIPPET_ide_onTouchStart_e5b8f8073e994e9cbb49c3c5cdd2c396",
            "type": "ADD_SNIPPET",
            "codeSnippet": "this.goToResetUsingOTP();",
            "callbackType": null
        }]
    }
}