{
    "AS_FlexContainer_c57736ab638a4ec981dd1d393952f3ff": {
        "id": "AS_FlexContainer_c57736ab638a4ec981dd1d393952f3ff",
        "type": "ACTION_SEQUENCE",
        "params": [{
            "datatype": "collection",
            "name": "eventobject"
        }],
        "contextObj": {
            "name": "frmDashboard",
            "type": "forms",
            "platform": "",
            "KUID": "j5f6b4ea75f3470dad1a09f2afcf0c09"
        },
        "language": "js",
        "actions": [{
            "id": "INVOKE_FUNCTION__geca1d84f5884ea189907b8ac6e79a87",
            "type": "INVOKE_FUNCTION",
            "sequenceKUID": "onScrollDwnForDet",
            "display": "onScrollDwnForDet",
            "inputparams": [],
            "parentId": null,
            "callbackType": null,
            "disabled": null,
            "source": "controller"
        }]
    }
}