{
    "AS_Form_gd4790cc9e3e47269cf5e5762772ace4": {
        "id": "AS_Form_gd4790cc9e3e47269cf5e5762772ace4",
        "type": "ACTION_SEQUENCE",
        "params": [{
            "datatype": "collection",
            "name": "eventobject"
        }],
        "contextObj": {
            "name": "frmDashboard",
            "type": "forms",
            "platform": "",
            "KUID": "j5f6b4ea75f3470dad1a09f2afcf0c09"
        },
        "language": "js",
        "actions": [{
            "id": "ADD_SNIPPET_cc5f3b6654e54a688987b0e0ef53ba24",
            "type": "ADD_SNIPPET",
            "codeSnippet": "this.view.browserChart.onSuccess = this.mapDataToChart;\n//this.view.browserBar.onSuccess = this.mapDataToBar;",
            "parentId": null
        }]
    }
}