{
    "AS_FlexContainer_d05c21da5019437a9492c7add115ff1b": {
        "id": "AS_FlexContainer_d05c21da5019437a9492c7add115ff1b",
        "type": "ACTION_SEQUENCE",
        "params": [{
            "datatype": "collection",
            "name": "eventobject"
        }],
        "contextObj": {
            "KUID": "de4284cb8a7f46a984a22bce1aeda413",
            "platform": null,
            "type": "forms"
        },
        "language": "js",
        "actions": [{
            "id": "ADD_SNIPPET__g46b93a597b14929888eb57cc904841e",
            "type": "ADD_SNIPPET",
            "codeSnippet": "this.navigateToBack();",
            "parentId": null,
            "callbackType": null
        }]
    }
}