{
    "AS_Image_f1d0bf25b1464cc58e20926e727690b1": {
        "id": "AS_Image_f1d0bf25b1464cc58e20926e727690b1",
        "type": "ACTION_SEQUENCE",
        "params": [{
            "datatype": "collection",
            "name": "eventobject"
        }, {
            "datatype": "string",
            "name": "imagesrc"
        }, {
            "datatype": "boolean",
            "name": "issuccess"
        }],
        "contextObj": {
            "KUID": "j5f6b4ea75f3470dad1a09f2afcf0c09",
            "name": "frmDashboard",
            "platform": "",
            "type": "forms"
        },
        "language": "js",
        "actions": [{
            "id": "ADD_SNIPPET__ef00c20adf1b4e46bb74c57b1703f773",
            "type": "ADD_SNIPPET",
            "codeSnippet": "this.onAdDownloadComplete(issuccess,2);",
            "parentId": null,
            "callbackType": null
        }]
    }
}