{
    "AS_Button_fadcd2b075bf4b8bb5816e76626ccbce": {
        "id": "AS_Button_fadcd2b075bf4b8bb5816e76626ccbce",
        "type": "ACTION_SEQUENCE",
        "params": [{
            "datatype": "collection",
            "name": "eventobject"
        }],
        "contextObj": {
            "name": "Login",
            "type": "forms",
            "platform": null,
            "KUID": "c909b29440bc42c5b75bf32e9df45311"
        },
        "language": "js",
        "actions": [{
            "id": "SHOW_ALERT_bd25658ae32d409084f8ddc07e840be1",
            "type": "SHOW_ALERT",
            "alertType": "constants.ALERT_TYPE_ERROR",
            "alertTitle": "Invalid credentials",
            "yesLabel": "Ok",
            "alertMessage": "Please enter valid credentials.",
            "messageType": "constant",
            "parentId": "_i7908440653143418ef3d007cd38b477",
            "alertTitlei18n": null,
            "yesLabeli18n": null,
            "noLabeli18n": null,
            "alertMessagei18n": null,
            "iconPosition": "constants.ALERT_ICON_POSITION_LEFT",
            "disabled": null
        }, {
            "id": "NAVIGATE_TO_FORM__e182c15926ef4bb7b6a90d4bfdf0ec82",
            "type": "NAVIGATE_TO_FORM",
            "formId": "frmAccountsLandingNew",
            "formKUID": "fe73628a53b0409c8b52abe9ce056521",
            "mappings": {},
            "mappingsOrder": [],
            "parentId": "_b740a23b2641429cafe7211de364fbdf",
            "enableMappingEditor": true,
            "package": "",
            "isCustomInput": false
        }, {
            "id": "_b740a23b2641429cafe7211de364fbdf",
            "type": "IF_CONDITION",
            "conditions": [{
                "leftValueType": "widgetprop",
                "leftValue": "this.view.main.tbxUserName.text",
                "operator": "===",
                "rightValueType": "value",
                "rightValue": "\"test\"",
                "leftItemKUID": "c909b29440bc42c5b75bf32e9df45311",
                "leftWidgetKUID": "c26d74651cca4606afe29ba83fec70c3"
            }, {
                "leftValueType": "widgetprop",
                "leftValue": "this.view.main.tbxPassword.text",
                "operator": "===",
                "rightValueType": "value",
                "rightValue": "\"test123\"",
                "leftItemKUID": "c909b29440bc42c5b75bf32e9df45311",
                "leftWidgetKUID": "jfd348d530ed485f8e057eef52aca4e7"
            }],
            "parentId": null,
            "callbackType": null,
            "criteria": "all"
        }, {
            "id": "_i7908440653143418ef3d007cd38b477",
            "type": "ELSE_CONDITION",
            "conditions": [{
                "leftValueType": "widgetprop",
                "leftValue": "",
                "operator": "===",
                "rightValueType": "widgetprop",
                "rightValue": ""
            }],
            "parentId": null,
            "callbackType": null,
            "criteria": "all"
        }]
    }
}