{
    "AS_Button_ea458b517ea647d4a5a6bb2b3e87ef93": {
        "id": "AS_Button_ea458b517ea647d4a5a6bb2b3e87ef93",
        "type": "ACTION_SEQUENCE",
        "params": [{
            "datatype": "collection",
            "name": "eventobject"
        }],
        "contextObj": {
            "name": "Login",
            "type": "forms",
            "platform": null,
            "KUID": "c909b29440bc42c5b75bf32e9df45311"
        },
        "language": "js",
        "actions": [{
            "id": "SHOW_ALERT_e0aab0cff2574e31b3057caf0987f673",
            "type": "SHOW_ALERT",
            "alertType": "constants.ALERT_TYPE_ERROR",
            "alertTitle": "Invalid credentials",
            "yesLabel": "Ok",
            "alertMessage": "Please enter valid credentials to enter.",
            "messageType": "constant",
            "parentId": "_df9d10c21fb946b4b762b11ba43ae2ce",
            "alertTitlei18n": null,
            "yesLabeli18n": null,
            "noLabeli18n": null,
            "alertMessagei18n": null,
            "iconPosition": "constants.ALERT_ICON_POSITION_LEFT",
            "disabled": null
        }, {
            "id": "NAVIGATE_TO_FORM__c3149ad9a41f46a298f7e08119aa342d",
            "type": "NAVIGATE_TO_FORM",
            "formId": "frmAccountsLandingNew",
            "formKUID": "fe73628a53b0409c8b52abe9ce056521",
            "mappings": {},
            "mappingsOrder": [],
            "parentId": "_d2a8d982aa594836959bc53b3cb77918",
            "enableMappingEditor": true,
            "package": "",
            "isCustomInput": false
        }, {
            "id": "_d2a8d982aa594836959bc53b3cb77918",
            "type": "IF_CONDITION",
            "conditions": [{
                "leftValueType": "widgetprop",
                "leftValue": "this.view.main.tbxUserName.text",
                "operator": "===",
                "rightValueType": "value",
                "rightValue": "\"test\"",
                "leftItemKUID": "c909b29440bc42c5b75bf32e9df45311",
                "leftWidgetKUID": "c26d74651cca4606afe29ba83fec70c3"
            }],
            "parentId": null,
            "callbackType": null,
            "criteria": "all"
        }, {
            "id": "_df9d10c21fb946b4b762b11ba43ae2ce",
            "type": "ELSE_CONDITION",
            "conditions": [{
                "leftValueType": "widgetprop",
                "leftValue": "",
                "operator": "===",
                "rightValueType": "widgetprop",
                "rightValue": ""
            }],
            "parentId": null,
            "callbackType": null,
            "criteria": "all"
        }]
    }
}