{
    "AS_Button_j8209a44c0ff48a0a7edbfe30ca2e432": {
        "id": "AS_Button_j8209a44c0ff48a0a7edbfe30ca2e432",
        "type": "ACTION_SEQUENCE",
        "params": [{
            "datatype": "collection",
            "name": "eventobject"
        }],
        "contextObj": {
            "name": "Login",
            "type": "forms",
            "platform": null,
            "KUID": "c909b29440bc42c5b75bf32e9df45311"
        },
        "language": "js",
        "actions": [{
            "id": "NAVIGATE_TO_FORM__g110e7e99514459c8d3fb3224e3e4a11",
            "type": "NAVIGATE_TO_FORM",
            "formId": "frmAccountsLandingNew",
            "formKUID": "fe73628a53b0409c8b52abe9ce056521",
            "mappings": {},
            "mappingsOrder": [],
            "enableMappingEditor": true,
            "package": "",
            "isCustomInput": false
        }]
    }
}