{
    "AS_FlexContainer_a21e32be49bb4eb1a2cf278137f13159": {
        "id": "AS_FlexContainer_a21e32be49bb4eb1a2cf278137f13159",
        "type": "ACTION_SEQUENCE",
        "params": [{
            "datatype": "collection",
            "name": "eventobject"
        }, {
            "datatype": "collection",
            "name": "context"
        }],
        "contextObj": {
            "KUID": "ab423148644145ab95502e5dce866cde",
            "name": "segHolisticAccountListItem",
            "platform": null,
            "type": "templates"
        },
        "language": "js",
        "actions": [{
            "id": "ADD_SNIPPET_ide_onClick_b63b3e735abc48c49da5af5542eed2ff",
            "type": "ADD_SNIPPET",
            "codeSnippet": "// var ntf = new kony.mvc.Navigation(\"frmAccountsDetails\");\n// ntf.navigate();\nthis.accountPressed();",
            "callbackType": null
        }]
    }
}