{
    "AS_FlexContainer_f0b2f41edf0d43509048f5201e381bd0": {
        "id": "AS_FlexContainer_f0b2f41edf0d43509048f5201e381bd0",
        "type": "ACTION_SEQUENCE",
        "params": [{
            "datatype": "collection",
            "name": "eventobject"
        }, {
            "datatype": "collection",
            "name": "context"
        }],
        "contextObj": {
            "KUID": "bd62770ffa4749bf9c7620f441c78f39",
            "name": "segAccountListItem",
            "platform": "",
            "type": "templates"
        },
        "language": "js",
        "actions": [{
            "id": "ADD_SNIPPET__e8b7620a6c6a4778b849184d16094107",
            "type": "ADD_SNIPPET",
            "codeSnippet": "this.menuPressed();",
            "parentId": null,
            "callbackType": null
        }]
    }
}