{
    "AS_FlexContainer_aa6693329cbe4be58e2c71ba95f95156": {
        "id": "AS_FlexContainer_aa6693329cbe4be58e2c71ba95f95156",
        "type": "ACTION_SEQUENCE",
        "params": [{
            "datatype": "collection",
            "name": "eventobject"
        }, {
            "datatype": "collection",
            "name": "context"
        }],
        "contextObj": {
            "KUID": "ab423148644145ab95502e5dce866cde",
            "name": "segHolisticAccountListItem",
            "platform": null,
            "type": "templates"
        },
        "language": "js",
        "actions": [{
            "id": "ADD_SNIPPET_ide_onClick_f593efcc4b5a48c8b407dc85aeb83623",
            "type": "ADD_SNIPPET",
            "codeSnippet": "// var ntf = new kony.mvc.Navigation(\"frmAccountsDetails\");\n// ntf.navigate();\nthis.accountPressed();",
            "callbackType": null
        }]
    }
}