{
    "AS_Form_e0ddd5df83e34592a24b207c7cc21f4a": {
        "id": "AS_Form_e0ddd5df83e34592a24b207c7cc21f4a",
        "type": "ACTION_SEQUENCE",
        "params": [{
            "datatype": "collection",
            "name": "eventobject"
        }, {
            "datatype": "number",
            "name": "breakpoint"
        }],
        "contextObj": {
            "name": "frmAccountsLandingNew",
            "type": "forms",
            "platform": "",
            "KUID": "fe73628a53b0409c8b52abe9ce056521"
        },
        "language": "js",
        "actions": [{
            "id": "INVOKE_FUNCTION__a81b2ac9dac4421da648d8f093966254",
            "type": "INVOKE_FUNCTION",
            "sequenceKUID": "onBreakpointChange",
            "display": "onBreakpointChange",
            "inputparams": [],
            "parentId": null,
            "callbackType": null,
            "disabled": null,
            "source": "controller"
        }]
    }
}