{
    "AS_FlexContainer_be13d3f810c94becbf52529396816a29": {
        "id": "AS_FlexContainer_be13d3f810c94becbf52529396816a29",
        "type": "ACTION_SEQUENCE",
        "params": [{
            "datatype": "collection",
            "name": "eventobject"
        }, {
            "datatype": "collection",
            "name": "context"
        }],
        "contextObj": {
            "KUID": "bd62770ffa4749bf9c7620f441c78f39",
            "name": "segAccountListItem",
            "platform": "",
            "type": "templates"
        },
        "language": "js",
        "actions": [{
            "id": "ADD_SNIPPET_ide_onClick_g29939105894480eb20392613e841a17",
            "type": "ADD_SNIPPET",
            "codeSnippet": "this.menuPressed();",
            "callbackType": null
        }]
    }
}