{
    "AS_FlexContainer_d6d32d86ccbc4fd3b0e970143d950d66": {
        "id": "AS_FlexContainer_d6d32d86ccbc4fd3b0e970143d950d66",
        "type": "ACTION_SEQUENCE",
        "params": [{
            "datatype": "collection",
            "name": "eventobject"
        }, {
            "datatype": "collection",
            "name": "context"
        }],
        "contextObj": {
            "KUID": "bd62770ffa4749bf9c7620f441c78f39",
            "name": "segAccountListItem",
            "platform": "",
            "type": "templates"
        },
        "language": "js",
        "actions": [{
            "id": "ADD_SNIPPET__g823d40a3cfb4143b4bd64b15ff695e7",
            "type": "ADD_SNIPPET",
            "codeSnippet": "// var ntf = new kony.mvc.Navigation(\"frmAccountsDetails\");\n// ntf.navigate();\nthis.accountPressed();",
            "parentId": null,
            "callbackType": null
        }]
    }
}