{
    "AS_FlexContainer_e51eaa51beba43b5bd1a29e9ac5a1b8e": {
        "id": "AS_FlexContainer_e51eaa51beba43b5bd1a29e9ac5a1b8e",
        "type": "ACTION_SEQUENCE",
        "params": [{
            "datatype": "collection",
            "name": "eventobject"
        }, {
            "datatype": "collection",
            "name": "context"
        }],
        "contextObj": {
            "KUID": "ab423148644145ab95502e5dce866cde",
            "name": "segHolisticAccountListItem",
            "platform": null,
            "type": "templates"
        },
        "language": "js",
        "actions": [{
            "id": "ADD_SNIPPET_ide_onClick_fac1ae78f4234cf5abc8320eaf37c970",
            "type": "ADD_SNIPPET",
            "codeSnippet": "this.imgPressed();",
            "callbackType": null
        }]
    }
}