{
    "AS_FlexContainer_c329b87c42b84ae9a7dfecaa00c15551": {
        "id": "AS_FlexContainer_c329b87c42b84ae9a7dfecaa00c15551",
        "type": "ACTION_SEQUENCE",
        "params": [{
            "datatype": "collection",
            "name": "eventobject"
        }, {
            "datatype": "collection",
            "name": "context"
        }],
        "contextObj": {
            "KUID": "ab423148644145ab95502e5dce866cde",
            "name": "segHolisticAccountListItem",
            "platform": null,
            "type": "templates"
        },
        "language": "js",
        "actions": [{
            "id": "ADD_SNIPPET_ide_onClick_dab3141100614869bea58b03f7d54516",
            "type": "ADD_SNIPPET",
            "codeSnippet": "// var ntf = new kony.mvc.Navigation(\"frmAccountsDetails\");\n// ntf.navigate();\nthis.accountPressed();",
            "callbackType": null
        }]
    }
}