{
    "AS_FlexContainer_ca4e072f4f7e453582fa2525c3899256": {
        "id": "AS_FlexContainer_ca4e072f4f7e453582fa2525c3899256",
        "type": "ACTION_SEQUENCE",
        "params": [{
            "datatype": "collection",
            "name": "eventobject"
        }, {
            "datatype": "collection",
            "name": "context"
        }],
        "contextObj": {
            "KUID": "bd62770ffa4749bf9c7620f441c78f39",
            "name": "segAccountListItem",
            "platform": "",
            "type": "templates"
        },
        "language": "js",
        "actions": [{
            "id": "ADD_SNIPPET__ecde68f4148942c483604dacddadd022",
            "type": "ADD_SNIPPET",
            "codeSnippet": "// var ntf = new kony.mvc.Navigation(\"frmAccountsDetails\");\n// ntf.navigate();\nthis.accountPressed();",
            "parentId": null,
            "callbackType": null
        }]
    }
}