{
    "AS_TextField_f2030e8e14ef414facdb8bf21ac978f9": {
        "id": "AS_TextField_f2030e8e14ef414facdb8bf21ac978f9",
        "type": "ACTION_SEQUENCE",
        "params": [{
            "datatype": "collection",
            "name": "eventobject"
        }],
        "contextObj": {
            "KUID": "c0567b2e5ece4b0cbbe1b35e3c8f3103",
            "platform": "",
            "type": "forms"
        },
        "language": "js",
        "actions": [{
            "id": "ADD_SNIPPET__e76848eec6364930a766dfed351d9b7d",
            "type": "ADD_SNIPPET",
            "codeSnippet": "this.enableOrDisableExternalLogin(this.view.AddExternalAccounts.LoginUsingSelectedBank.tbxNewUsername.text, this.view.AddExternalAccounts.LoginUsingSelectedBank.tbxEnterpassword.text);",
            "parentId": null,
            "callbackType": null
        }]
    }
}