{
    "AS_Button_cc6b87e087024810a77e558e39444722": {
        "id": "AS_Button_cc6b87e087024810a77e558e39444722",
        "type": "ACTION_SEQUENCE",
        "params": [{
            "datatype": "collection",
            "name": "eventobject"
        }],
        "contextObj": {
            "name": "frmAccountsLandingNew",
            "type": "forms",
            "platform": "",
            "KUID": "fe73628a53b0409c8b52abe9ce056521"
        },
        "language": "js",
        "actions": [{
            "id": "ADD_SNIPPET_ca8c943bda58404fac30090ed3e7ab4c",
            "type": "ADD_SNIPPET",
            "codeSnippet": "var previousForm = kony.application.getPreviousForm();\nvar ntf = new kony.mvc.Navigation(previousForm.id);\nntf.navigate();",
            "parentId": null
        }]
    }
}