{
    "AS_FlexContainer_j2b3ba8eadd3474888c4334d1399cbae": {
        "id": "AS_FlexContainer_j2b3ba8eadd3474888c4334d1399cbae",
        "type": "ACTION_SEQUENCE",
        "params": [{
            "datatype": "collection",
            "name": "eventobject"
        }, {
            "datatype": "string",
            "name": "x"
        }, {
            "datatype": "string",
            "name": "y"
        }, {
            "datatype": "collection",
            "name": "context"
        }],
        "contextObj": {
            "KUID": "bd62770ffa4749bf9c7620f441c78f39",
            "name": "segAccountListItem",
            "platform": "",
            "type": "templates"
        },
        "language": "js",
        "actions": [{
            "id": "ADD_SNIPPET__gba3b8df2a9e41b589d7c5a8fd75fd3f",
            "type": "ADD_SNIPPET",
            "codeSnippet": "this.setClickOrigin();",
            "parentId": null,
            "callbackType": null
        }]
    }
}