{
    "AS_FlexContainer_e8e6b286f8c34fde8468093579b56427": {
        "id": "AS_FlexContainer_e8e6b286f8c34fde8468093579b56427",
        "type": "ACTION_SEQUENCE",
        "params": [{
            "datatype": "collection",
            "name": "eventobject"
        }, {
            "datatype": "collection",
            "name": "context"
        }],
        "contextObj": {
            "KUID": "bd62770ffa4749bf9c7620f441c78f39",
            "name": "segAccountListItem",
            "platform": "",
            "type": "templates"
        },
        "language": "js",
        "actions": [{
            "id": "ADD_SNIPPET__c6ad2610e67945f59dcb14cdce74fb94",
            "type": "ADD_SNIPPET",
            "codeSnippet": "// var ntf = new kony.mvc.Navigation(\"frmAccountsDetails\");\n// ntf.navigate();\nthis.accountPressed();",
            "parentId": null,
            "callbackType": null
        }]
    }
}