{
    "AS_Form_efb48a5daf6c46e0a420b6c627a4a663": {
        "id": "AS_Form_efb48a5daf6c46e0a420b6c627a4a663",
        "type": "ACTION_SEQUENCE",
        "params": [{
            "datatype": "collection",
            "name": "eventobject"
        }],
        "contextObj": {
            "name": "frmAccountsLandingNew",
            "type": "forms",
            "platform": "",
            "KUID": "fe73628a53b0409c8b52abe9ce056521"
        },
        "language": "js",
        "actions": [{
            "id": "INVOKE_FUNCTION__e80f4971b6f942ec823be7b5a9e06170",
            "type": "INVOKE_FUNCTION",
            "sequenceKUID": "init",
            "display": "init",
            "inputparams": [],
            "parentId": null,
            "callbackType": null,
            "disabled": null,
            "source": "controller"
        }]
    }
}