{
    "AS_FlexContainer_b3ff2e204e70453b972d40d783847e41": {
        "id": "AS_FlexContainer_b3ff2e204e70453b972d40d783847e41",
        "type": "ACTION_SEQUENCE",
        "params": [{
            "datatype": "collection",
            "name": "eventobject"
        }, {
            "datatype": "collection",
            "name": "context"
        }],
        "contextObj": {
            "KUID": "hf431e53b7a44672bab976dfc58cfccb",
            "name": "segSelectedAccounts",
            "platform": "",
            "type": "templates"
        },
        "language": "js",
        "actions": [{
            "id": "ADD_SNIPPET__hb33636f3d6847d09e69774cab064183",
            "type": "ADD_SNIPPET",
            "codeSnippet": "this.toggleCheckBox();",
            "parentId": null,
            "callbackType": null
        }]
    }
}