{
    "AS_TextField_g508947eb4dd43778a0f93e039604deb": {
        "id": "AS_TextField_g508947eb4dd43778a0f93e039604deb",
        "type": "ACTION_SEQUENCE",
        "params": [{
            "datatype": "collection",
            "name": "eventobject"
        }],
        "contextObj": {
            "type": "forms",
            "platform": null,
            "KUID": "e1c595b07f7d49db95ad48e0f4dba981"
        },
        "language": "js",
        "actions": [{
            "id": "ADD_SNIPPET_ide_onKeyUp_f9cb51455e2544ba9bd63e75c0f04ee6",
            "type": "ADD_SNIPPET",
            "codeSnippet": "this.onTextChangeOfExternalBankSearch();",
            "callbackType": null
        }]
    }
}