{
    "AS_TextField_cf2826b931594d0fa5c4944344d9dc18": {
        "id": "AS_TextField_cf2826b931594d0fa5c4944344d9dc18",
        "type": "ACTION_SEQUENCE",
        "params": [{
            "datatype": "collection",
            "name": "eventobject"
        }],
        "contextObj": {
            "KUID": "c0567b2e5ece4b0cbbe1b35e3c8f3103",
            "platform": "",
            "type": "forms"
        },
        "language": "js",
        "actions": [{
            "id": "ADD_SNIPPET__de177cd76fe545258616e21eb640e3c9",
            "type": "ADD_SNIPPET",
            "codeSnippet": "this.enableOrDisableExternalLogin(this.view.AddExternalAccounts.LoginUsingSelectedBank.tbxNewUsername.text, this.view.AddExternalAccounts.LoginUsingSelectedBank.tbxEnterpassword.text);",
            "parentId": null,
            "callbackType": null
        }]
    }
}