{
    "AS_TextField_d36937be1a1e4e208f313920ae005543": {
        "id": "AS_TextField_d36937be1a1e4e208f313920ae005543",
        "type": "ACTION_SEQUENCE",
        "params": [{
            "datatype": "collection",
            "name": "eventobject"
        }],
        "contextObj": {
            "type": "forms",
            "platform": null,
            "KUID": "e1c595b07f7d49db95ad48e0f4dba981"
        },
        "language": "js",
        "actions": [{
            "id": "ADD_SNIPPET_ide_onKeyUp_b3f80225bf1444e284c4f6a7aa84d8e7",
            "type": "ADD_SNIPPET",
            "codeSnippet": "this.enableOrDisableExternalLogin(this.view.AddExternalAccounts.LoginUsingSelectedBank.tbxNewUsername.text, this.view.AddExternalAccounts.LoginUsingSelectedBank.tbxEnterpassword.text);",
            "callbackType": null
        }]
    }
}