{
    "AS_TextField_ce8adda86ec948c1b60fc858209fe784": {
        "id": "AS_TextField_ce8adda86ec948c1b60fc858209fe784",
        "type": "ACTION_SEQUENCE",
        "params": [{
            "datatype": "collection",
            "name": "eventobject"
        }],
        "contextObj": {
            "type": "forms",
            "platform": null,
            "KUID": "e1c595b07f7d49db95ad48e0f4dba981"
        },
        "language": "js",
        "actions": [{
            "id": "ADD_SNIPPET_ide_onKeyUp_icd64df386fe4e41a38b5a9438c6960a",
            "type": "ADD_SNIPPET",
            "codeSnippet": "this.enableOrDisableExternalLogin(this.view.AddExternalAccounts.LoginUsingSelectedBank.tbxNewUsername.text, this.view.AddExternalAccounts.LoginUsingSelectedBank.tbxEnterpassword.text);",
            "callbackType": null
        }]
    }
}