{
    "AS_Button_ac4aa517a06643408bb4719721395c08": {
        "id": "AS_Button_ac4aa517a06643408bb4719721395c08",
        "type": "ACTION_SEQUENCE",
        "params": [{
            "datatype": "collection",
            "name": "eventobject"
        }],
        "contextObj": {
            "name": "Login",
            "type": "forms",
            "platform": "",
            "KUID": "a245899c0388437d8a4ff49aeda9a0c9"
        },
        "language": "js",
        "actions": [{
            "id": "NAVIGATE_TO_FORM__g291711564384a12aa19c4b3b58f96b0",
            "type": "NAVIGATE_TO_FORM",
            "formId": "frmDashboard",
            "friendlyName": "frmDashboard",
            "formKUID": "j5f6b4ea75f3470dad1a09f2afcf0c09",
            "mappings": {},
            "mappingsOrder": [],
            "enableMappingEditor": true,
            "package": "",
            "isCustomInput": false
        }]
    }
}