{
    "AS_Button_ad3811be95854b73be553d745b89a13c": {
        "id": "AS_Button_ad3811be95854b73be553d745b89a13c",
        "type": "ACTION_SEQUENCE",
        "params": [{
            "datatype": "collection",
            "name": "eventobject"
        }],
        "contextObj": {
            "name": "Login",
            "type": "forms",
            "platform": "",
            "KUID": "a245899c0388437d8a4ff49aeda9a0c9"
        },
        "language": "js",
        "actions": [{
            "id": "NAVIGATE_TO_FORM__ac070f1f8bf34aef858e2b2ed4089b54",
            "type": "NAVIGATE_TO_FORM",
            "formId": "frmDashboard",
            "friendlyName": "frmDashboard",
            "formKUID": "j5f6b4ea75f3470dad1a09f2afcf0c09",
            "mappings": {},
            "mappingsOrder": [],
            "enableMappingEditor": true,
            "package": "",
            "isCustomInput": false
        }]
    }
}