{
    "AS_Button_fe8cc01c98a6494092008d0fbf793ced": {
        "id": "AS_Button_fe8cc01c98a6494092008d0fbf793ced",
        "type": "ACTION_SEQUENCE",
        "params": [{
            "datatype": "collection",
            "name": "eventobject"
        }],
        "contextObj": {
            "KUID": "h65c10a2cabc493c8ac9ef9c703d1486",
            "platform": "",
            "type": "forms"
        },
        "language": "js",
        "actions": [{
            "id": "NAVIGATE_TO_FORM__i5636601cda34d48849e1f7af99a677d",
            "type": "NAVIGATE_TO_FORM",
            "formId": "frmDashboard",
            "friendlyName": "frmDashboard",
            "formKUID": "j5f6b4ea75f3470dad1a09f2afcf0c09",
            "mappings": {},
            "mappingsOrder": [],
            "parentId": "",
            "enableMappingEditor": true,
            "package": "",
            "isCustomInput": false
        }]
    }
}