{
    "AS_Button_f02d87161e9444629a1f2b00d8688583": {
        "id": "AS_Button_f02d87161e9444629a1f2b00d8688583",
        "type": "ACTION_SEQUENCE",
        "params": [{
            "datatype": "collection",
            "name": "eventobject"
        }],
        "contextObj": {
            "name": "Login",
            "type": "forms",
            "platform": "",
            "KUID": "a245899c0388437d8a4ff49aeda9a0c9"
        },
        "language": "js",
        "actions": [{
            "id": "NAVIGATE_TO_FORM__bdc9d66ab7c84b69889d0063c7e213f4",
            "type": "NAVIGATE_TO_FORM",
            "formId": "frmDashboard",
            "friendlyName": "frmDashboard",
            "formKUID": "j5f6b4ea75f3470dad1a09f2afcf0c09",
            "mappings": {},
            "mappingsOrder": [],
            "enableMappingEditor": true,
            "package": "",
            "isCustomInput": false
        }]
    }
}