{
    "AS_Form_e2bf7916e6a746d5a07b6371e6932dbe": {
        "id": "AS_Form_e2bf7916e6a746d5a07b6371e6932dbe",
        "type": "ACTION_SEQUENCE",
        "params": [{
            "datatype": "collection",
            "name": "eventobject"
        }],
        "contextObj": {
            "name": "frmDashboard",
            "type": "forms",
            "platform": "",
            "KUID": "j5f6b4ea75f3470dad1a09f2afcf0c09"
        },
        "language": "js",
        "actions": [{
            "id": "INVOKE_FUNCTION__feb51a4602584370b02d72bee802ba47",
            "type": "INVOKE_FUNCTION",
            "sequenceKUID": "initActions",
            "display": "initActions",
            "inputparams": [],
            "parentId": null,
            "callbackType": null,
            "disabled": null,
            "source": "controller"
        }]
    }
}