{
    "AS_Form_b9f68aea22c44915a99f775be045e239": {
        "id": "AS_Form_b9f68aea22c44915a99f775be045e239",
        "type": "ACTION_SEQUENCE",
        "params": [{
            "datatype": "collection",
            "name": "eventobject"
        }],
        "contextObj": {
            "name": "Login",
            "type": "forms",
            "platform": "",
            "KUID": "a245899c0388437d8a4ff49aeda9a0c9"
        },
        "language": "js",
        "actions": [{
            "id": "TRANSFORM_ACTION_NEW_d1f8a47708974a32ba0ccb4ed0611e95",
            "type": "TRANSFORM_ACTION_NEW",
            "itemType": "FORM",
            "itemId": "Login",
            "widgetId": "headermain",
            "itemKUID": "a245899c0388437d8a4ff49aeda9a0c9",
            "widgetKUID": "h47933c32a0243c09a141f04cacffe87",
            "wType": "UserWidgetInstance",
            "animationObject": {
                "anchorPoint": {
                    "x": "50",
                    "y": "50"
                },
                "stepConfig": {
                    "timingFunction": "kony.anim.EASE"
                },
                "width": "1.1dp",
                "height": "1.1dp"
            },
            "config": {
                "delay": "0",
                "iterationCount": 1,
                "fillMode": "kony.anim.FILL_MODE_FORWARDS",
                "duration": "500"
            },
            "start": "Immediately",
            "parentAnimation": "TRANSFORM_ACTION_NEW_fef90679ea794046b9c30f2248243cd2",
            "animationId": "TRANSFORM_ACTION_NEW_d1f8a47708974a32ba0ccb4ed0611e95",
            "displayAnimationId": "TRANSFORM_ACTION_NEW_d1f8a47708974a32ba0ccb4ed0611e95",
            "forkedPlatform": "all",
            "parentId": "TRANSFORM_ACTION_NEW_fef90679ea794046b9c30f2248243cd2",
            "callbackType": "Callback",
            "widgetPath": "this.view.headermain"
        }, {
            "id": "TRANSFORM_ACTION_NEW_fef90679ea794046b9c30f2248243cd2",
            "type": "TRANSFORM_ACTION_NEW",
            "itemType": "FORM",
            "itemId": "Login",
            "widgetId": "headermain",
            "itemKUID": "a245899c0388437d8a4ff49aeda9a0c9",
            "widgetKUID": "h47933c32a0243c09a141f04cacffe87",
            "wType": "UserWidgetInstance",
            "animationObject": {
                "anchorPoint": {
                    "x": "50",
                    "y": "50"
                },
                "stepConfig": {
                    "timingFunction": "kony.anim.EASE"
                },
                "width": "0.75dp",
                "height": "0.75dp"
            },
            "config": {
                "delay": "200",
                "iterationCount": 1,
                "fillMode": "kony.anim.FILL_MODE_FORWARDS",
                "duration": "250",
                "direction": "kony.anim.DIRECTION_NONE"
            },
            "start": "Immediately",
            "parentAnimation": "TRANSFORM_ACTION_NEW_d1f8a47708974a32ba0ccb4ed0611e95",
            "animationId": "TRANSFORM_ACTION_NEW_fef90679ea794046b9c30f2248243cd2",
            "displayAnimationId": "TRANSFORM_ACTION_NEW_fef90679ea794046b9c30f2248243cd2",
            "forkedPlatform": "all",
            "widgetPath": "this.view.headermain"
        }]
    }
}