{
    "AS_Form_dc873e22b47645a8a25d205741635c78": {
        "id": "AS_Form_dc873e22b47645a8a25d205741635c78",
        "type": "ACTION_SEQUENCE",
        "params": [{
            "datatype": "collection",
            "name": "eventobject"
        }],
        "contextObj": {
            "name": "Login",
            "type": "forms",
            "platform": "",
            "KUID": "a245899c0388437d8a4ff49aeda9a0c9"
        },
        "language": "js",
        "actions": [{
            "id": "TRANSFORM_ACTION_NEW_e14c8ccf5bf84d829230af8c21d0c837",
            "type": "TRANSFORM_ACTION_NEW",
            "itemType": "FORM",
            "itemId": "Login",
            "widgetId": "headermain",
            "itemKUID": "a245899c0388437d8a4ff49aeda9a0c9",
            "widgetKUID": "h47933c32a0243c09a141f04cacffe87",
            "wType": "UserWidgetInstance",
            "animationObject": {
                "anchorPoint": {
                    "x": "50",
                    "y": "50"
                },
                "stepConfig": {
                    "timingFunction": "kony.anim.EASE"
                },
                "width": "1dp",
                "height": "1dp"
            },
            "config": {
                "delay": "0",
                "iterationCount": 1,
                "fillMode": "kony.anim.FILL_MODE_FORWARDS",
                "duration": "400"
            },
            "start": "Immediately",
            "parentAnimation": "TRANSFORM_ACTION_NEW_b4f10303af6e49ffb2a24a364a4268f6",
            "animationId": "TRANSFORM_ACTION_NEW_e14c8ccf5bf84d829230af8c21d0c837",
            "displayAnimationId": "TRANSFORM_ACTION_NEW_e14c8ccf5bf84d829230af8c21d0c837",
            "forkedPlatform": "all",
            "parentId": "TRANSFORM_ACTION_NEW_b4f10303af6e49ffb2a24a364a4268f6",
            "callbackType": "Callback",
            "widgetPath": "this.view.headermain"
        }, {
            "id": "TRANSFORM_ACTION_NEW_b4f10303af6e49ffb2a24a364a4268f6",
            "type": "TRANSFORM_ACTION_NEW",
            "itemType": "FORM",
            "itemId": "Login",
            "widgetId": "headermain",
            "itemKUID": "a245899c0388437d8a4ff49aeda9a0c9",
            "widgetKUID": "h47933c32a0243c09a141f04cacffe87",
            "wType": "UserWidgetInstance",
            "animationObject": {
                "anchorPoint": {
                    "x": "50",
                    "y": "50"
                },
                "stepConfig": {
                    "timingFunction": "kony.anim.EASE"
                },
                "width": "0.75dp",
                "height": "0.75dp"
            },
            "config": {
                "delay": "200",
                "iterationCount": 1,
                "fillMode": "kony.anim.FILL_MODE_FORWARDS",
                "duration": "300"
            },
            "start": "Immediately",
            "animationId": "TRANSFORM_ACTION_NEW_b4f10303af6e49ffb2a24a364a4268f6",
            "displayAnimationId": "TRANSFORM_ACTION_NEW_b4f10303af6e49ffb2a24a364a4268f6",
            "forkedPlatform": "all",
            "widgetPath": "this.view.headermain"
        }]
    }
}