{
    "AS_Image_a593a7bc3bfb423abcb7b1db85617148": {
        "id": "AS_Image_a593a7bc3bfb423abcb7b1db85617148",
        "type": "ACTION_SEQUENCE",
        "params": [{
            "datatype": "collection",
            "name": "eventobject"
        }, {
            "datatype": "string",
            "name": "imagesrc"
        }, {
            "datatype": "boolean",
            "name": "issuccess"
        }],
        "contextObj": {
            "KUID": "j5f6b4ea75f3470dad1a09f2afcf0c09",
            "name": "frmDashboard",
            "platform": "",
            "type": "forms"
        },
        "language": "js",
        "actions": [{
            "id": "ADD_SNIPPET__a44a63a39fc64bd4b68a94411764fafa",
            "type": "ADD_SNIPPET",
            "codeSnippet": "this.onAdDownloadComplete(issuccess,5);",
            "parentId": null,
            "callbackType": null
        }]
    }
}