{
    "AS_Image_daa17131465b4003ba0bf7ecd919f7d4": {
        "id": "AS_Image_daa17131465b4003ba0bf7ecd919f7d4",
        "type": "ACTION_SEQUENCE",
        "params": [{
            "datatype": "collection",
            "name": "eventobject"
        }, {
            "datatype": "string",
            "name": "imagesrc"
        }, {
            "datatype": "boolean",
            "name": "issuccess"
        }],
        "contextObj": {
            "KUID": "j5f6b4ea75f3470dad1a09f2afcf0c09",
            "name": "frmDashboard",
            "platform": "",
            "type": "forms"
        },
        "language": "js",
        "actions": [{
            "id": "ADD_SNIPPET__cf42b3abca034e078b69aabc11af6268",
            "type": "ADD_SNIPPET",
            "codeSnippet": "this.onAdDownloadComplete(issuccess,3);",
            "parentId": null,
            "callbackType": null
        }]
    }
}