{
    "AS_Button_i450f61428ee4fcbb87eb13fe121dce8": {
        "id": "AS_Button_i450f61428ee4fcbb87eb13fe121dce8",
        "type": "ACTION_SEQUENCE",
        "params": [{
            "datatype": "collection",
            "name": "eventobject"
        }],
        "language": "js",
        "actions": [{
            "id": "INVOKE_FUNCTION__ide_onClick_b4ce7caea240460fb2c80a78fe7f9934",
            "type": "INVOKE_FUNCTION",
            "sequenceKUID": "navigateToFrom",
            "display": "navigateToFrom",
            "inputparams": [],
            "callbackType": null,
            "disabled": null,
            "source": "controller"
        }]
    }
}