{
    "AS_Button_j72b9de6e1a04646b7a3af0dc7da1b4a": {
        "id": "AS_Button_j72b9de6e1a04646b7a3af0dc7da1b4a",
        "type": "ACTION_SEQUENCE",
        "params": [{
            "datatype": "collection",
            "name": "eventobject"
        }],
        "contextObj": {
            "KUID": "f55e49dc537748c5b2ee269e3f2e36eb",
            "name": "uwf55e49dc537748c5b2ee269e3f2e36eb",
            "type": "userwidgets"
        },
        "language": "js",
        "actions": [{
            "id": "ADD_SNIPPET__b378014e0e4e4744b5a9aaee41b77ccc",
            "type": "ADD_SNIPPET",
            "codeSnippet": "this.showLocateUsPage();",
            "parentId": null,
            "callbackType": null
        }]
    }
}