{
    "AS_FlexContainer_e2310feabb9a4589b241312488227bfe": {
        "id": "AS_FlexContainer_e2310feabb9a4589b241312488227bfe",
        "type": "ACTION_SEQUENCE",
        "params": [{
            "datatype": "collection",
            "name": "eventobject"
        }],
        "contextObj": {
            "KUID": "u96d81abb86c49d0a932fc659de5df17",
            "name": "uwu96d81abb86c49d0a932fc659de5df17",
            "type": "userwidgets"
        },
        "language": "js",
        "actions": [{
            "id": "ADD_SNIPPET_da971ef29c554eb18cdd897c8b0278c4",
            "type": "ADD_SNIPPET",
            "codeSnippet": "this.postshow()",
            "parentId": null
        }]
    }
}