{
    "AS_Segment_b94e47563fab4441a81bb547b8460a57": {
        "id": "AS_Segment_b94e47563fab4441a81bb547b8460a57",
        "type": "ACTION_SEQUENCE",
        "params": [{
            "datatype": "collection",
            "name": "eventobject"
        }, {
            "datatype": "number",
            "name": "sectionNumber"
        }, {
            "datatype": "number",
            "name": "rowNumber"
        }],
        "language": "js",
        "actions": [{
            "id": "ADD_SNIPPET_ide_onRowClick_d0487a34a8fa4387866e464e0743c427",
            "type": "ADD_SNIPPET",
            "codeSnippet": "this.selectYourLanguage();",
            "callbackType": null
        }]
    }
}