{
    "AS_Button_h019ee9ecba34d13a36899bd3076b192": {
        "id": "AS_Button_h019ee9ecba34d13a36899bd3076b192",
        "type": "ACTION_SEQUENCE",
        "params": [{
            "datatype": "collection",
            "name": "eventobject"
        }],
        "contextObj": {
            "KUID": "f55e49dc537748c5b2ee269e3f2e36eb",
            "name": "uwf55e49dc537748c5b2ee269e3f2e36eb",
            "type": "userwidgets"
        },
        "language": "js",
        "actions": [{
            "id": "ADD_SNIPPET__bc609491b2af4f00bbd470fc43c4c175",
            "type": "ADD_SNIPPET",
            "codeSnippet": "this.showContactUsPage();",
            "parentId": null,
            "callbackType": null
        }]
    }
}