{
    "AS_Button_a0bc25c537124c89bcc13ee112d2b75c": {
        "id": "AS_Button_a0bc25c537124c89bcc13ee112d2b75c",
        "type": "ACTION_SEQUENCE",
        "params": [{
            "datatype": "collection",
            "name": "eventobject"
        }],
        "language": "js",
        "actions": [{
            "id": "INVOKE_FUNCTION__ide_onClick_e9600c0ca7e54f58bef106a7d9b48643",
            "type": "INVOKE_FUNCTION",
            "sequenceKUID": "showPinScreen",
            "display": "showPinScreen",
            "inputparams": [],
            "callbackType": null,
            "disabled": null,
            "source": "controller"
        }]
    }
}