{
    "AS_FlexContainer_c3845df516904e3b9926fa32d57d7de1": {
        "id": "AS_FlexContainer_c3845df516904e3b9926fa32d57d7de1",
        "type": "ACTION_SEQUENCE",
        "params": [{
            "datatype": "collection",
            "name": "eventobject"
        }],
        "contextObj": {
            "name": "uwu9915372989245fe853039974c82ccf1",
            "type": "userwidgets",
            "KUID": "u9915372989245fe853039974c82ccf1"
        },
        "language": "js",
        "actions": [{
            "id": "INVOKE_FUNCTION__c71a97091036456989074d5a31763840",
            "type": "INVOKE_FUNCTION",
            "sequenceKUID": "navigateToFrom",
            "display": "navigateToFrom",
            "inputparams": [],
            "parentId": null,
            "callbackType": null,
            "disabled": null,
            "source": "controller"
        }]
    }
}