{
    "android": {
        "font_size": 0,
        "isForked": false
    },
    "background_color": "ffffff00",
    "bg_type": "one",
    "border_color": "000000ff",
    "border_style": "plain",
    "border_type": 0,
    "border_width": 0,
    "desktopweb": {
        "font_size": 0,
        "isForked": false
    },
    "fontSizeInPx": false,
    "font_size": 0,
    "ipad": {
        "font_size": 0,
        "isForked": false
    },
    "iphone": {
        "font_size": 0,
        "isForked": false
    },
    "isDefaultSkin": false,
    "kiosk": {
        "font_size": 0,
        "isForked": false
    },
    "kuid": "s9748ecb4dc2443184061f553dcee85f",
    "spaan": {
        "font_size": 0,
        "isForked": false
    },
    "spaandroidtablet": {
        "font_size": 0,
        "isForked": false
    },
    "spaip": {
        "font_size": 0,
        "isForked": false
    },
    "spaipad": {
        "font_size": 0,
        "isForked": false
    },
    "spawindowstablet": {
        "font_size": 0,
        "isForked": false
    },
    "spawinphone8": {
        "font_size": 0,
        "isForked": false
    },
    "tabrcandroid": {
        "font_size": 0,
        "isForked": false
    },
    "wType": "Segment",
    "watchos": {
        "font_size": 0,
        "isForked": false
    },
    "windows8": {
        "font_size": 0,
        "isForked": false
    },
    "winphone8": {
        "font_size": 0,
        "isForked": false
    }
}