{
    "android": {
        "font_name": "SourceSansPro-Regular",
        "font_size": 71,
        "isForked": false
    },
    "background_color": "00000000",
    "bg_type": "one",
    "border_color": "424242ff",
    "border_style": "plain",
    "border_type": 0,
    "border_width": 0,
    "desktopweb": {
        "font_size": 250,
        "isForked": false
    },
    "fontSizeInPx": true,
    "font_color": "ffffffff",
    "font_name": "Helvetica",
    "font_size": 95,
    "font_style": "normal",
    "font_weight": "normal",
    "ipad": {
        "font_size": 143,
        "isForked": false
    },
    "iphone": {
        "font_name": "SourceSansPro-Regular",
        "font_size": 95,
        "isForked": false
    },
    "isDefaultSkin": false,
    "kiosk": {
        "font_size": 250,
        "isForked": false
    },
    "kuid": "s96a32ed58a640febdd451ba8e94dbba",
    "spaan": {
        "font_size": 133,
        "isForked": false
    },
    "spaandroidtablet": {
        "font_size": 125,
        "isForked": false
    },
    "spaip": {
        "font_size": 167,
        "isForked": false
    },
    "spaipad": {
        "font_size": 118,
        "isForked": false
    },
    "spawindowstablet": {
        "font_size": 118,
        "isForked": false
    },
    "spawinphone8": {
        "font_size": 167,
        "isForked": false
    },
    "tabrcandroid": {
        "font_size": 237,
        "isForked": false
    },
    "wType": "Label",
    "watchos": {
        "font_size": 143,
        "isForked": false
    },
    "windows8": {
        "font_size": 98,
        "isForked": false
    },
    "winphone8": {
        "font_size": 133,
        "isForked": false
    }
}