{
    "android": {
        "font_name": "Helvetica",
        "font_size": 19,
        "isForked": false
    },
    "background_color": "ff0000ff",
    "bg_type": "one",
    "border_color": "ff000000",
    "border_radius": 90,
    "border_style": "custom",
    "border_type": 0,
    "border_width": 1,
    "desktopweb": {
        "font_name": "SourceSansPro-Regular",
        "font_size": 67,
        "isForked": false
    },
    "fontSizeInPx": true,
    "font_color": "ffffffff",
    "font_name": "Helvetica",
    "font_size": 67,
    "font_style": "normal",
    "font_weight": "normal",
    "ipad": {
        "font_name": "Helvetica",
        "font_size": 29,
        "isForked": false
    },
    "iphone": {
        "font_name": "Helvetica",
        "font_size": 29,
        "isForked": false
    },
    "isDefaultSkin": false,
    "kiosk": {
        "font_name": "GenericMonospace",
        "font_size": 50,
        "isForked": false
    },
    "kuid": "s72dca7019b74fdc820a4e9c1a2a3971",
    "spaan": {
        "font_name": "SourceSansPro-Regular",
        "font_size": 67,
        "isForked": false
    },
    "spaandroidtablet": {
        "font_name": "SourceSansPro-Regular",
        "font_size": 67,
        "isForked": false
    },
    "spaip": {
        "font_name": "SourceSansPro-Regular",
        "font_size": 67,
        "isForked": false
    },
    "spaipad": {
        "font_name": "SourceSansPro-Regular",
        "font_size": 67,
        "isForked": false
    },
    "spawindowstablet": {
        "font_name": "Helvetica",
        "font_size": 67,
        "isForked": false
    },
    "spawinphone8": {
        "font_name": "Helvetica",
        "font_size": 67,
        "isForked": false
    },
    "tabrcandroid": {
        "font_name": "Helvetica",
        "font_size": 47,
        "isForked": false
    },
    "wType": "Label",
    "watchos": {
        "font_name": "Helvetica",
        "font_size": 29,
        "isForked": false
    },
    "windows8": {
        "font_name": "GenericMonospace",
        "font_size": 20,
        "isForked": false
    },
    "winphone8": {
        "font_name": "GenericMonospace",
        "font_size": 27,
        "isForked": false
    }
}