{
    "android": {
        "background_color": "ffffffb2",
        "bg_type": "one",
        "border_color": "ffffff4c",
        "border_type": 0,
        "isForked": true
    },
    "background_gradient_bottom_color": "0000ff00",
    "background_gradient_top_color": "ffa500ff",
    "background_style": "vg",
    "bg_type": "two",
    "border_color": "ffffffff",
    "border_radius": 100,
    "border_style": "custom",
    "border_type": 0,
    "border_width": 1,
    "desktopweb": {
        "background_color": "ffffffb2",
        "bg_type": "one",
        "bottom_left_border_color": "000000ff",
        "bottom_left_border_style": "plain",
        "bottom_left_border_width": 0,
        "bottom_right_border_color": "000000ff",
        "bottom_right_border_style": "plain",
        "bottom_right_border_width": 0,
        "isForked": true,
        "top_left_border_color": "000000ff",
        "top_left_border_style": "plain",
        "top_left_border_width": 0,
        "top_right_border_color": "000000ff",
        "top_right_border_style": "plain",
        "top_right_border_width": 0
    },
    "ipad": {
        "background_color": "ffffffb2",
        "bg_type": "one",
        "border_color": "ffffff4c",
        "border_type": 0,
        "isForked": true
    },
    "iphone": {
        "background_color": "ffffffb2",
        "bg_type": "one",
        "border_color": "ffffff4c",
        "border_type": 0,
        "isForked": true
    },
    "isDefaultSkin": false,
    "kiosk": {
        "background_color": "ffffffb2",
        "bg_type": "one",
        "border_color": "ffffff4c",
        "border_type": 0,
        "isForked": true
    },
    "kuid": "s11cef590d4543b2ac10d5f5ddd54812",
    "spaan": {
        "background_color": "ffffffb2",
        "bg_type": "one",
        "bottom_left_border_color": "000000ff",
        "bottom_left_border_style": "plain",
        "bottom_left_border_width": 0,
        "bottom_right_border_color": "000000ff",
        "bottom_right_border_style": "plain",
        "bottom_right_border_width": 0,
        "isForked": true,
        "top_left_border_color": "000000ff",
        "top_left_border_style": "plain",
        "top_left_border_width": 0,
        "top_right_border_color": "000000ff",
        "top_right_border_style": "plain",
        "top_right_border_width": 0
    },
    "spaandroidtablet": {
        "background_color": "ffffffb2",
        "bg_type": "one",
        "bottom_left_border_color": "000000ff",
        "bottom_left_border_style": "plain",
        "bottom_left_border_width": 0,
        "bottom_right_border_color": "000000ff",
        "bottom_right_border_style": "plain",
        "bottom_right_border_width": 0,
        "isForked": true,
        "top_left_border_color": "000000ff",
        "top_left_border_style": "plain",
        "top_left_border_width": 0,
        "top_right_border_color": "000000ff",
        "top_right_border_style": "plain",
        "top_right_border_width": 0
    },
    "spaip": {
        "background_color": "ffffffb2",
        "bg_type": "one",
        "bottom_left_border_color": "000000ff",
        "bottom_left_border_style": "plain",
        "bottom_left_border_width": 0,
        "bottom_right_border_color": "000000ff",
        "bottom_right_border_style": "plain",
        "bottom_right_border_width": 0,
        "isForked": true,
        "top_left_border_color": "000000ff",
        "top_left_border_style": "plain",
        "top_left_border_width": 0,
        "top_right_border_color": "000000ff",
        "top_right_border_style": "plain",
        "top_right_border_width": 0
    },
    "spaipad": {
        "background_color": "ffffffb2",
        "bg_type": "one",
        "bottom_left_border_color": "000000ff",
        "bottom_left_border_style": "plain",
        "bottom_left_border_width": 0,
        "bottom_right_border_color": "000000ff",
        "bottom_right_border_style": "plain",
        "bottom_right_border_width": 0,
        "isForked": true,
        "top_left_border_color": "000000ff",
        "top_left_border_style": "plain",
        "top_left_border_width": 0,
        "top_right_border_color": "000000ff",
        "top_right_border_style": "plain",
        "top_right_border_width": 0
    },
    "spawindowstablet": {
        "background_color": "ffffffb2",
        "bg_type": "one",
        "bottom_left_border_color": "000000ff",
        "bottom_left_border_style": "plain",
        "bottom_left_border_width": 0,
        "bottom_right_border_color": "000000ff",
        "bottom_right_border_style": "plain",
        "bottom_right_border_width": 0,
        "isForked": true,
        "top_left_border_color": "000000ff",
        "top_left_border_style": "plain",
        "top_left_border_width": 0,
        "top_right_border_color": "000000ff",
        "top_right_border_style": "plain",
        "top_right_border_width": 0
    },
    "spawinphone8": {
        "background_color": "ffffffb2",
        "bg_type": "one",
        "bottom_left_border_color": "000000ff",
        "bottom_left_border_style": "plain",
        "bottom_left_border_width": 0,
        "bottom_right_border_color": "000000ff",
        "bottom_right_border_style": "plain",
        "bottom_right_border_width": 0,
        "isForked": true,
        "top_left_border_color": "000000ff",
        "top_left_border_style": "plain",
        "top_left_border_width": 0,
        "top_right_border_color": "000000ff",
        "top_right_border_style": "plain",
        "top_right_border_width": 0
    },
    "tabrcandroid": {
        "background_color": "ffffffb2",
        "bg_type": "one",
        "border_color": "ffffff4c",
        "border_type": 0,
        "isForked": true
    },
    "wType": "FlexContainer",
    "windows8": {
        "background_color": "ffffffb2",
        "bg_type": "one",
        "border_color": "ffffff4c",
        "border_type": 0,
        "isForked": true
    },
    "winphone8": {
        "background_color": "ffffffb2",
        "bg_type": "one",
        "border_color": "ffffff4c",
        "border_type": 0,
        "isForked": true
    }
}