{
    "android": {
        "font_size": 112,
        "isForked": false
    },
    "androidwearos": {
        "font_size": 120,
        "isForked": false
    },
    "background_color": "003e75ff",
    "bg_type": "one",
    "desktopweb": {
        "font_size": 120,
        "isForked": false
    },
    "fontSizeInPx": false,
    "font_color": "ffffff",
    "font_name": "Arial, Helvetica, sans-serif",
    "font_size": 120,
    "font_weight": "normal",
    "ipad": {
        "font_name": "SourceSansPro-Regular",
        "font_size": 120,
        "isForked": false
    },
    "iphone": {
        "font_name": "SourceSansPro-Semibold",
        "font_size": 120,
        "isForked": false
    },
    "isDefaultSkin": false,
    "kiosk": {
        "font_size": 120,
        "isForked": false
    },
    "kuid": "sf434f5194374f5f801c906b76ccad61",
    "spaan": {
        "font_size": 120,
        "isForked": false
    },
    "spaandroidtablet": {
        "font_size": 120,
        "isForked": false
    },
    "spaip": {
        "font_size": 120,
        "isForked": false
    },
    "spaipad": {
        "font_size": 120,
        "isForked": false
    },
    "spawindowstablet": {
        "font_size": 120,
        "isForked": false
    },
    "spawinphone8": {
        "font_size": 120,
        "isForked": false
    },
    "tabrcandroid": {
        "font_size": 120,
        "isForked": false
    },
    "wType": "TitleBar",
    "watchos": {
        "font_size": 120,
        "isForked": false
    },
    "windows8": {
        "font_size": 120,
        "isForked": false
    },
    "winphone8": {
        "font_size": 120,
        "isForked": false
    }
}