{
    "background_color": "f8f7f800",
    "bg_type": "one",
    "border_color": "f8f7f8ff",
    "border_radius": 5,
    "border_style": "custom",
    "border_type": 0,
    "border_width": 1,
    "desktopweb": {
        "background_color": "00000019",
        "bg_type": "one",
        "bottom_left_border_color": "f8f7f8ff",
        "bottom_left_border_style": "plain",
        "bottom_left_border_width": "0",
        "bottom_right_border_color": "f8f7f8ff",
        "bottom_right_border_style": "plain",
        "bottom_right_border_width": "0",
        "cursor_type": "pointer",
        "customCSS": "cursor: pointer !important;\n",
        "isCustomCSSEnabled": false,
        "isForked": true,
        "top_left_border_color": "f8f7f8ff",
        "top_left_border_style": "plain",
        "top_left_border_width": "0",
        "top_right_border_color": "f8f7f8ff",
        "top_right_border_style": "plain",
        "top_right_border_width": "0"
    },
    "isDefaultSkin": false,
    "kuid": "s05eb10355194e1ebdde101dd1529a0d",
    "spaan": {
        "bottom_left_border_color": "f8f7f8ff",
        "bottom_left_border_style": "plain",
        "bottom_left_border_width": "0",
        "bottom_right_border_color": "f8f7f8ff",
        "bottom_right_border_style": "plain",
        "bottom_right_border_width": "0",
        "isCustomCSSEnabled": true,
        "isForked": true,
        "top_left_border_color": "f8f7f8ff",
        "top_left_border_style": "plain",
        "top_left_border_width": "0",
        "top_right_border_color": "f8f7f8ff",
        "top_right_border_style": "plain",
        "top_right_border_width": "0"
    },
    "spaandroidtablet": {
        "bottom_left_border_color": "f8f7f8ff",
        "bottom_left_border_style": "plain",
        "bottom_left_border_width": "0",
        "bottom_right_border_color": "f8f7f8ff",
        "bottom_right_border_style": "plain",
        "bottom_right_border_width": "0",
        "isCustomCSSEnabled": true,
        "isForked": true,
        "top_left_border_color": "f8f7f8ff",
        "top_left_border_style": "plain",
        "top_left_border_width": "0",
        "top_right_border_color": "f8f7f8ff",
        "top_right_border_style": "plain",
        "top_right_border_width": "0"
    },
    "spaip": {
        "bottom_left_border_color": "f8f7f8ff",
        "bottom_left_border_style": "plain",
        "bottom_left_border_width": "0",
        "bottom_right_border_color": "f8f7f8ff",
        "bottom_right_border_style": "plain",
        "bottom_right_border_width": "0",
        "isCustomCSSEnabled": true,
        "isForked": true,
        "top_left_border_color": "f8f7f8ff",
        "top_left_border_style": "plain",
        "top_left_border_width": "0",
        "top_right_border_color": "f8f7f8ff",
        "top_right_border_style": "plain",
        "top_right_border_width": "0"
    },
    "spaipad": {
        "bottom_left_border_color": "f8f7f8ff",
        "bottom_left_border_style": "plain",
        "bottom_left_border_width": "0",
        "bottom_right_border_color": "f8f7f8ff",
        "bottom_right_border_style": "plain",
        "bottom_right_border_width": "0",
        "isCustomCSSEnabled": true,
        "isForked": true,
        "top_left_border_color": "f8f7f8ff",
        "top_left_border_style": "plain",
        "top_left_border_width": "0",
        "top_right_border_color": "f8f7f8ff",
        "top_right_border_style": "plain",
        "top_right_border_width": "0"
    },
    "spawindowstablet": {
        "bottom_left_border_color": "f8f7f8ff",
        "bottom_left_border_style": "plain",
        "bottom_left_border_width": "0",
        "bottom_right_border_color": "f8f7f8ff",
        "bottom_right_border_style": "plain",
        "bottom_right_border_width": "0",
        "isCustomCSSEnabled": true,
        "isForked": true,
        "top_left_border_color": "f8f7f8ff",
        "top_left_border_style": "plain",
        "top_left_border_width": "0",
        "top_right_border_color": "f8f7f8ff",
        "top_right_border_style": "plain",
        "top_right_border_width": "0"
    },
    "spawinphone8": {
        "bottom_left_border_color": "f8f7f8ff",
        "bottom_left_border_style": "plain",
        "bottom_left_border_width": "0",
        "bottom_right_border_color": "f8f7f8ff",
        "bottom_right_border_style": "plain",
        "bottom_right_border_width": "0",
        "isCustomCSSEnabled": true,
        "isForked": true,
        "top_left_border_color": "f8f7f8ff",
        "top_left_border_style": "plain",
        "top_left_border_width": "0",
        "top_right_border_color": "f8f7f8ff",
        "top_right_border_style": "plain",
        "top_right_border_width": "0"
    },
    "wType": "FlexContainer",
    "windows8": {
        "background_color": "00000019",
        "bg_type": "one",
        "isForked": true
    }
}