{
    "android": {
        "background_color": "ffffff00",
        "bg_type": "one",
        "font_color": "4176a4ff",
        "font_size": 36,
        "isForked": true,
        "text_shadow": {
            "br": 0,
            "color": "000000ff",
            "nm": 0,
            "x": 0,
            "y": 0
        }
    },
    "androidwearos": {
        "font_color": "4176a4ff",
        "isForked": true
    },
    "background_color": "00a6f7ff",
    "bg_type": "one",
    "border_color": "ffffffff",
    "border_style": "plain",
    "border_type": 0,
    "border_width": 0,
    "desktopweb": {
        "background_color": "ffffff00",
        "bg_type": "one",
        "bottom_left_border_color": "ffffffff",
        "bottom_left_border_style": "plain",
        "bottom_left_border_width": 0,
        "bottom_right_border_color": "ffffffff",
        "bottom_right_border_style": "plain",
        "bottom_right_border_width": 0,
        "font_color": "4176a4ff",
        "font_name": "SourceSansPro-Regular",
        "font_size": 125,
        "isForked": true,
        "shadow": {
            "br": 0,
            "color": "000000ff",
            "inner": false,
            "nm": 0,
            "x": 0,
            "y": 0
        },
        "text_shadow": {
            "br": 0,
            "color": "000000ff",
            "nm": 0,
            "x": 0,
            "y": 0
        },
        "top_left_border_color": "ffffffff",
        "top_left_border_style": "plain",
        "top_left_border_width": 0,
        "top_right_border_color": "ffffffff",
        "top_right_border_style": "plain",
        "top_right_border_width": 0
    },
    "fontSizeInPx": true,
    "font_color": "ffffffff",
    "font_name": "Helvetica",
    "font_size": 148,
    "font_style": "normal",
    "font_weight": "normal",
    "ipad": {
        "background_color": "ffffff00",
        "bg_type": "one",
        "font_color": "4176a4ff",
        "font_size": 54,
        "isForked": true,
        "text_shadow": {
            "br": 0,
            "color": "000000ff",
            "nm": 0,
            "x": 0,
            "y": 0
        }
    },
    "iphone": {
        "background_color": "ffffff00",
        "bg_type": "one",
        "font_color": "4176a4ff",
        "font_size": 54,
        "isForked": true,
        "text_shadow": {
            "br": 0,
            "color": "000000ff",
            "nm": 0,
            "x": 0,
            "y": 0
        }
    },
    "isDefaultSkin": false,
    "kiosk": {
        "background_color": "ffffff00",
        "bg_type": "one",
        "font_color": "4176a4ff",
        "font_size": 94,
        "isForked": true
    },
    "kuid": "s611bd2c5d324490aa9f7ed9d412984f",
    "spaan": {
        "background_color": "ffffff00",
        "bg_type": "one",
        "bottom_left_border_color": "ffffffff",
        "bottom_left_border_style": "plain",
        "bottom_left_border_width": 0,
        "bottom_right_border_color": "ffffffff",
        "bottom_right_border_style": "plain",
        "bottom_right_border_width": 0,
        "font_color": "4176a4ff",
        "font_name": "SourceSansPro-Regular",
        "font_size": 125,
        "isForked": true,
        "shadow": {
            "br": 0,
            "color": "000000ff",
            "inner": false,
            "nm": 0,
            "x": 0,
            "y": 0
        },
        "text_shadow": {
            "br": 0,
            "color": "000000ff",
            "nm": 0,
            "x": 0,
            "y": 0
        },
        "top_left_border_color": "ffffffff",
        "top_left_border_style": "plain",
        "top_left_border_width": 0,
        "top_right_border_color": "ffffffff",
        "top_right_border_style": "plain",
        "top_right_border_width": 0
    },
    "spaandroidtablet": {
        "background_color": "ffffff00",
        "bg_type": "one",
        "bottom_left_border_color": "ffffffff",
        "bottom_left_border_style": "plain",
        "bottom_left_border_width": 0,
        "bottom_right_border_color": "ffffffff",
        "bottom_right_border_style": "plain",
        "bottom_right_border_width": 0,
        "font_color": "4176a4ff",
        "font_name": "SourceSansPro-Regular",
        "font_size": 125,
        "isForked": true,
        "shadow": {
            "br": 0,
            "color": "000000ff",
            "inner": false,
            "nm": 0,
            "x": 0,
            "y": 0
        },
        "text_shadow": {
            "br": 0,
            "color": "000000ff",
            "nm": 0,
            "x": 0,
            "y": 0
        },
        "top_left_border_color": "ffffffff",
        "top_left_border_style": "plain",
        "top_left_border_width": 0,
        "top_right_border_color": "ffffffff",
        "top_right_border_style": "plain",
        "top_right_border_width": 0
    },
    "spaip": {
        "background_color": "ffffff00",
        "bg_type": "one",
        "bottom_left_border_color": "ffffffff",
        "bottom_left_border_style": "plain",
        "bottom_left_border_width": 0,
        "bottom_right_border_color": "ffffffff",
        "bottom_right_border_style": "plain",
        "bottom_right_border_width": 0,
        "font_color": "4176a4ff",
        "font_name": "SourceSansPro-Regular",
        "font_size": 125,
        "isForked": true,
        "shadow": {
            "br": 0,
            "color": "000000ff",
            "inner": false,
            "nm": 0,
            "x": 0,
            "y": 0
        },
        "text_shadow": {
            "br": 0,
            "color": "000000ff",
            "nm": 0,
            "x": 0,
            "y": 0
        },
        "top_left_border_color": "ffffffff",
        "top_left_border_style": "plain",
        "top_left_border_width": 0,
        "top_right_border_color": "ffffffff",
        "top_right_border_style": "plain",
        "top_right_border_width": 0
    },
    "spaipad": {
        "background_color": "ffffff00",
        "bg_type": "one",
        "bottom_left_border_color": "ffffffff",
        "bottom_left_border_style": "plain",
        "bottom_left_border_width": 0,
        "bottom_right_border_color": "ffffffff",
        "bottom_right_border_style": "plain",
        "bottom_right_border_width": 0,
        "font_color": "4176a4ff",
        "font_name": "SourceSansPro-Regular",
        "font_size": 125,
        "isForked": true,
        "shadow": {
            "br": 0,
            "color": "000000ff",
            "inner": false,
            "nm": 0,
            "x": 0,
            "y": 0
        },
        "text_shadow": {
            "br": 0,
            "color": "000000ff",
            "nm": 0,
            "x": 0,
            "y": 0
        },
        "top_left_border_color": "ffffffff",
        "top_left_border_style": "plain",
        "top_left_border_width": 0,
        "top_right_border_color": "ffffffff",
        "top_right_border_style": "plain",
        "top_right_border_width": 0
    },
    "spawindowstablet": {
        "background_color": "ffffff00",
        "bg_type": "one",
        "bottom_left_border_color": "ffffffff",
        "bottom_left_border_style": "plain",
        "bottom_left_border_width": 0,
        "bottom_right_border_color": "ffffffff",
        "bottom_right_border_style": "plain",
        "bottom_right_border_width": 0,
        "font_color": "4176a4ff",
        "font_size": 125,
        "isForked": true,
        "shadow": {
            "br": 0,
            "color": "000000ff",
            "inner": false,
            "nm": 0,
            "x": 0,
            "y": 0
        },
        "text_shadow": {
            "br": 0,
            "color": "000000ff",
            "nm": 0,
            "x": 0,
            "y": 0
        },
        "top_left_border_color": "ffffffff",
        "top_left_border_style": "plain",
        "top_left_border_width": 0,
        "top_right_border_color": "ffffffff",
        "top_right_border_style": "plain",
        "top_right_border_width": 0
    },
    "spawinphone8": {
        "background_color": "ffffff00",
        "bg_type": "one",
        "bottom_left_border_color": "ffffffff",
        "bottom_left_border_style": "plain",
        "bottom_left_border_width": 0,
        "bottom_right_border_color": "ffffffff",
        "bottom_right_border_style": "plain",
        "bottom_right_border_width": 0,
        "font_color": "4176a4ff",
        "font_size": 125,
        "isForked": true,
        "shadow": {
            "br": 0,
            "color": "000000ff",
            "inner": false,
            "nm": 0,
            "x": 0,
            "y": 0
        },
        "text_shadow": {
            "br": 0,
            "color": "000000ff",
            "nm": 0,
            "x": 0,
            "y": 0
        },
        "top_left_border_color": "ffffffff",
        "top_left_border_style": "plain",
        "top_left_border_width": 0,
        "top_right_border_color": "ffffffff",
        "top_right_border_style": "plain",
        "top_right_border_width": 0
    },
    "tabrcandroid": {
        "background_color": "ffffff00",
        "bg_type": "one",
        "font_color": "4176a4ff",
        "font_size": 89,
        "isForked": true,
        "text_shadow": {
            "br": 0,
            "color": "000000ff",
            "nm": 0,
            "x": 0,
            "y": 0
        }
    },
    "wType": "Button",
    "watchos": {
        "background_color": "ffffff00",
        "bg_type": "one",
        "font_color": "4176a4ff",
        "font_size": 54,
        "isForked": true
    },
    "windows8": {
        "background_color": "ffffff00",
        "bg_type": "one",
        "font_color": "4176a4ff",
        "font_size": 37,
        "isForked": true
    },
    "winphone8": {
        "background_color": "ffffff00",
        "bg_type": "one",
        "font_color": "4176a4ff",
        "font_size": 50,
        "isForked": true
    }
}