{
    "android": {
        "background_color": "ffffffff",
        "bg_type": "one",
        "isForked": true
    },
    "androidwearos": {
        "background_color": "ffffffff",
        "bg_type": "one",
        "isForked": true
    },
    "background_color": "e3e3e333",
    "bg_type": "one",
    "border_color": "4176a4ff",
    "border_radius": 3,
    "border_style": "custom",
    "border_type": 0,
    "border_width": 1,
    "desktopweb": {
        "background_color": "ffffffff",
        "bg_type": "one",
        "border_type": 0,
        "bottom_left_border_color": "72727202",
        "bottom_left_border_style": "plain",
        "bottom_left_border_width": 1,
        "bottom_right_border_color": "72727202",
        "bottom_right_border_style": "plain",
        "bottom_right_border_width": 1,
        "customCSS": ".sknBGFFFFFBdrE3E3E3BdrRadius2Px:focus{\n\t-webkit-box-shadow: 0px 0px 10px 4px rgba(70,69,69,0.2);\n\t-moz-box-shadow: 0px 0px 10px 4px rgba(70,69,69,0.2);\n\tbox-shadow: 0px 0px 10px 4px rgba(70,69,69,0.2);\n} \n",
        "isCustomCSSEnabled": false,
        "isForked": true,
        "shadow": {
            "br": 20,
            "color": "424242ff",
            "inner": false,
            "nm": 0,
            "x": 2,
            "y": 2
        },
        "top_left_border_color": "72727202",
        "top_left_border_style": "plain",
        "top_left_border_width": 1,
        "top_right_border_color": "72727202",
        "top_right_border_style": "plain",
        "top_right_border_width": 1
    },
    "ipad": {
        "background_color": "ffffffff",
        "bg_type": "one",
        "isForked": true,
        "shadow": {
            "br": 20,
            "color": "424242ff",
            "inner": false,
            "nm": 0,
            "x": 2,
            "y": 2
        }
    },
    "iphone": {
        "background_color": "ffffffff",
        "bg_type": "one",
        "isForked": true,
        "shadow": {
            "br": 20,
            "color": "424242ff",
            "inner": false,
            "nm": 0,
            "x": 2,
            "y": 2
        }
    },
    "isDefaultSkin": false,
    "kiosk": {
        "background_color": "ffffffff",
        "bg_type": "one",
        "isForked": true
    },
    "kuid": "s276c29c8a1e4a7bb7f3df59fe7283bd",
    "spaan": {
        "background_color": "ffffffff",
        "bg_type": "one",
        "border_type": 0,
        "bottom_left_border_color": "72727202",
        "bottom_left_border_style": "plain",
        "bottom_left_border_width": 1,
        "bottom_right_border_color": "72727202",
        "bottom_right_border_style": "plain",
        "bottom_right_border_width": 1,
        "customCSS": ".sknBGFFFFFBdrE3E3E3BdrRadius2Px:focus{\n\t-webkit-box-shadow: 0px 0px 10px 4px rgba(70,69,69,0.2);\n\t-moz-box-shadow: 0px 0px 10px 4px rgba(70,69,69,0.2);\n\tbox-shadow: 0px 0px 10px 4px rgba(70,69,69,0.2);\n} \n",
        "isCustomCSSEnabled": false,
        "isForked": true,
        "shadow": {
            "br": 20,
            "color": "424242ff",
            "inner": false,
            "nm": 0,
            "x": 2,
            "y": 2
        },
        "top_left_border_color": "72727202",
        "top_left_border_style": "plain",
        "top_left_border_width": 1,
        "top_right_border_color": "72727202",
        "top_right_border_style": "plain",
        "top_right_border_width": 1
    },
    "spaandroidtablet": {
        "background_color": "ffffffff",
        "bg_type": "one",
        "border_type": 0,
        "bottom_left_border_color": "72727202",
        "bottom_left_border_style": "plain",
        "bottom_left_border_width": 1,
        "bottom_right_border_color": "72727202",
        "bottom_right_border_style": "plain",
        "bottom_right_border_width": 1,
        "customCSS": ".sknBGFFFFFBdrE3E3E3BdrRadius2Px:focus{\n\t-webkit-box-shadow: 0px 0px 10px 4px rgba(70,69,69,0.2);\n\t-moz-box-shadow: 0px 0px 10px 4px rgba(70,69,69,0.2);\n\tbox-shadow: 0px 0px 10px 4px rgba(70,69,69,0.2);\n} \n",
        "isCustomCSSEnabled": false,
        "isForked": true,
        "shadow": {
            "br": 20,
            "color": "424242ff",
            "inner": false,
            "nm": 0,
            "x": 2,
            "y": 2
        },
        "top_left_border_color": "72727202",
        "top_left_border_style": "plain",
        "top_left_border_width": 1,
        "top_right_border_color": "72727202",
        "top_right_border_style": "plain",
        "top_right_border_width": 1
    },
    "spaip": {
        "background_color": "ffffffff",
        "bg_type": "one",
        "border_type": 0,
        "bottom_left_border_color": "72727202",
        "bottom_left_border_style": "plain",
        "bottom_left_border_width": 1,
        "bottom_right_border_color": "72727202",
        "bottom_right_border_style": "plain",
        "bottom_right_border_width": 1,
        "customCSS": ".sknBGFFFFFBdrE3E3E3BdrRadius2Px:focus{\n\t-webkit-box-shadow: 0px 0px 10px 4px rgba(70,69,69,0.2);\n\t-moz-box-shadow: 0px 0px 10px 4px rgba(70,69,69,0.2);\n\tbox-shadow: 0px 0px 10px 4px rgba(70,69,69,0.2);\n} \n",
        "isCustomCSSEnabled": false,
        "isForked": true,
        "shadow": {
            "br": 20,
            "color": "424242ff",
            "inner": false,
            "nm": 0,
            "x": 2,
            "y": 2
        },
        "top_left_border_color": "72727202",
        "top_left_border_style": "plain",
        "top_left_border_width": 1,
        "top_right_border_color": "72727202",
        "top_right_border_style": "plain",
        "top_right_border_width": 1
    },
    "spaipad": {
        "background_color": "ffffffff",
        "bg_type": "one",
        "border_type": 0,
        "bottom_left_border_color": "72727202",
        "bottom_left_border_style": "plain",
        "bottom_left_border_width": 1,
        "bottom_right_border_color": "72727202",
        "bottom_right_border_style": "plain",
        "bottom_right_border_width": 1,
        "customCSS": ".sknBGFFFFFBdrE3E3E3BdrRadius2Px:focus{\n\t-webkit-box-shadow: 0px 0px 10px 4px rgba(70,69,69,0.2);\n\t-moz-box-shadow: 0px 0px 10px 4px rgba(70,69,69,0.2);\n\tbox-shadow: 0px 0px 10px 4px rgba(70,69,69,0.2);\n} \n",
        "isCustomCSSEnabled": false,
        "isForked": true,
        "shadow": {
            "br": 20,
            "color": "424242ff",
            "inner": false,
            "nm": 0,
            "x": 2,
            "y": 2
        },
        "top_left_border_color": "72727202",
        "top_left_border_style": "plain",
        "top_left_border_width": 1,
        "top_right_border_color": "72727202",
        "top_right_border_style": "plain",
        "top_right_border_width": 1
    },
    "spawindowstablet": {
        "background_color": "ffffffff",
        "bg_type": "one",
        "border_type": 0,
        "bottom_left_border_color": "72727202",
        "bottom_left_border_style": "plain",
        "bottom_left_border_width": 1,
        "bottom_right_border_color": "72727202",
        "bottom_right_border_style": "plain",
        "bottom_right_border_width": 1,
        "customCSS": ".sknBGFFFFFBdrE3E3E3BdrRadius2Px:focus{\n\t-webkit-box-shadow: 0px 0px 10px 4px rgba(70,69,69,0.2);\n\t-moz-box-shadow: 0px 0px 10px 4px rgba(70,69,69,0.2);\n\tbox-shadow: 0px 0px 10px 4px rgba(70,69,69,0.2);\n} \n",
        "isCustomCSSEnabled": false,
        "isForked": true,
        "shadow": {
            "br": 20,
            "color": "424242ff",
            "inner": false,
            "nm": 0,
            "x": 2,
            "y": 2
        },
        "top_left_border_color": "72727202",
        "top_left_border_style": "plain",
        "top_left_border_width": 1,
        "top_right_border_color": "72727202",
        "top_right_border_style": "plain",
        "top_right_border_width": 1
    },
    "spawinphone8": {
        "background_color": "ffffffff",
        "bg_type": "one",
        "border_type": 0,
        "bottom_left_border_color": "72727202",
        "bottom_left_border_style": "plain",
        "bottom_left_border_width": 1,
        "bottom_right_border_color": "72727202",
        "bottom_right_border_style": "plain",
        "bottom_right_border_width": 1,
        "customCSS": ".sknBGFFFFFBdrE3E3E3BdrRadius2Px:focus{\n\t-webkit-box-shadow: 0px 0px 10px 4px rgba(70,69,69,0.2);\n\t-moz-box-shadow: 0px 0px 10px 4px rgba(70,69,69,0.2);\n\tbox-shadow: 0px 0px 10px 4px rgba(70,69,69,0.2);\n} \n",
        "isCustomCSSEnabled": false,
        "isForked": true,
        "shadow": {
            "br": 20,
            "color": "424242ff",
            "inner": false,
            "nm": 0,
            "x": 2,
            "y": 2
        },
        "top_left_border_color": "72727202",
        "top_left_border_style": "plain",
        "top_left_border_width": 1,
        "top_right_border_color": "72727202",
        "top_right_border_style": "plain",
        "top_right_border_width": 1
    },
    "tabrcandroid": {
        "background_color": "ffffffff",
        "bg_type": "one",
        "isForked": true
    },
    "wType": "FlexContainer",
    "windows8": {
        "background_color": "ffffffff",
        "bg_type": "one",
        "isForked": true
    },
    "winphone8": {
        "background_color": "ffffffff",
        "bg_type": "one",
        "isForked": true
    }
}