{
    "android": {
        "font_size": 43,
        "isForked": false
    },
    "androidwearos": {
        "font_size": 86,
        "isForked": false
    },
    "background_color": "00000000",
    "bg_type": "one",
    "border_color": "424242ff",
    "border_style": "plain",
    "border_type": 0,
    "border_width": 0,
    "desktopweb": {
        "font_name": "olb_fonts",
        "font_size": 200,
        "isForked": false
    },
    "fontSizeInPx": true,
    "font_color": "003e75ff",
    "font_name": "Helvetica",
    "font_size": 200,
    "font_style": "normal",
    "font_weight": "normal",
    "ipad": {
        "font_size": 86,
        "isForked": false
    },
    "iphone": {
        "font_size": 57,
        "isForked": false
    },
    "isDefaultSkin": false,
    "kiosk": {
        "font_size": 150,
        "isForked": false
    },
    "kuid": "s28248328ffc4aa09b6dc2f9f1cb7e22",
    "spaan": {
        "font_size": 200,
        "isForked": false
    },
    "spaandroidtablet": {
        "font_size": 200,
        "isForked": false
    },
    "spaip": {
        "font_size": 200,
        "isForked": false
    },
    "spaipad": {
        "font_size": 200,
        "isForked": false
    },
    "spawindowstablet": {
        "font_size": 200,
        "isForked": false
    },
    "spawinphone8": {
        "font_size": 200,
        "isForked": false
    },
    "tabrcandroid": {
        "font_size": 142,
        "isForked": false
    },
    "wType": "Label",
    "watchos": {
        "font_size": 86,
        "isForked": false
    },
    "windows8": {
        "font_size": 59,
        "isForked": false
    },
    "winphone8": {
        "font_size": 80,
        "isForked": false
    }
}