{
  "android": {
    "border_style": "plain",
    "isForked": true
  },
  "background_color": "00000099",
  "bg_type": "one",
  "border_color": "000000ff",
  "border_style": "plain",
  "border_type": 0,
  "border_width": 0,
  "ipad": {
    "border_color": "000000ff",
    "border_style": "plain",
    "border_type": 0,
    "border_width": 1,
    "isForked": true
  },
  "iphone": {
    "border_color": "000000ff",
    "border_style": "plain",
    "border_type": 0,
    "border_width": 1,
    "isForked": true
  },
  "isDefaultSkin": false,
  "kiosk": {
    "border_color": "000000ff",
    "border_style": "plain",
    "border_type": 0,
    "border_width": 1,
    "isForked": true
  },
  "kuid": "s06d17260ec04fa2968ec93eb38eed64",
  "tabrcandroid": {
    "border_color": "000000ff",
    "border_style": "plain",
    "border_type": 0,
    "border_width": 1,
    "bottom_left_border_radius": 10,
    "bottom_right_border_radius": 10,
    "isForked": true,
    "top_left_border_radius": 10,
    "top_right_border_radius": 10
  },
  "wType": "FlexContainer",
  "windows8": {
    "border_color": "000000ff",
    "border_style": "plain",
    "border_type": 0,
    "border_width": 1,
    "bottom_left_border_radius": 10,
    "bottom_right_border_radius": 10,
    "isForked": true,
    "top_left_border_radius": 10,
    "top_right_border_radius": 10
  },
  "winphone8": {
    "border_color": "000000ff",
    "border_style": "plain",
    "border_type": 0,
    "border_width": 1,
    "bottom_left_border_radius": 10,
    "bottom_right_border_radius": 10,
    "isForked": true,
    "top_left_border_radius": 10,
    "top_right_border_radius": 10
  }
}