{
  "background_color": "00000000",
  "bg_type": "one",
  "border_color": "4176a4ff",
  "border_radius": 3,
  "border_style": "custom",
  "border_type": 0,
  "border_width": 1,
  "desktopweb": {
    "bottom_left_border_color": "4176a4ff",
    "bottom_left_border_style": "plain",
    "bottom_left_border_width": 1,
    "bottom_right_border_color": "4176a4ff",
    "bottom_right_border_style": "plain",
    "bottom_right_border_width": 1,
    "isForked": true,
    "top_left_border_color": "4176a4ff",
    "top_left_border_style": "plain",
    "top_left_border_width": 1,
    "top_right_border_color": "4176a4ff",
    "top_right_border_style": "plain",
    "top_right_border_width": 1
  },
  "isDefaultSkin": false,
  "kuid": "s3308b031b8e4da8a5965b769840b865",
  "wType": "FlexContainer"
}