{
    "android": {
        "background_color": "ffffff00",
        "bg_type": "one",
        "isForked": true
    },
    "androidwearos": {
        "background_color": "ffffff00",
        "bg_type": "one",
        "isForked": true
    },
    "background_color": "ffffffff",
    "bg_type": "one",
    "border_color": "000000ff",
    "border_style": "plain",
    "border_type": 0,
    "border_width": 0,
    "desktopweb": {
        "background_color": "ffffff00",
        "bg_type": "one",
        "border_type": 0,
        "bottom_left_border_color": "000000ff",
        "bottom_left_border_style": "plain",
        "bottom_left_border_width": 0,
        "bottom_right_border_color": "ffffffff",
        "bottom_right_border_style": "plain",
        "bottom_right_border_width": "3",
        "customCSS": "cursor: pointer !important;\nborder-bottom: 3px solid #ffffff;\ncolor: #000000;\nbackground-color : rgba(255,255,255,0.0);",
        "isCustomCSSEnabled": true,
        "isForked": true,
        "top_left_border_color": "000000ff",
        "top_left_border_style": "plain",
        "top_left_border_width": 0,
        "top_right_border_color": "000000ff",
        "top_right_border_style": "plain",
        "top_right_border_width": 0
    },
    "ipad": {
        "background_color": "ffffff00",
        "bg_type": "one",
        "isForked": true
    },
    "iphone": {
        "background_color": "ffffff00",
        "bg_type": "one",
        "isForked": true
    },
    "isDefaultSkin": false,
    "kiosk": {
        "background_color": "ffffff00",
        "bg_type": "one",
        "isForked": true
    },
    "kuid": "s45f2b1fc59b4ac3ae7ec4e9b748a606",
    "spaan": {
        "background_color": "ffffff00",
        "bg_type": "one",
        "border_type": 0,
        "bottom_left_border_color": "000000ff",
        "bottom_left_border_style": "plain",
        "bottom_left_border_width": 0,
        "bottom_right_border_color": "ffffffff",
        "bottom_right_border_style": "plain",
        "bottom_right_border_width": "3",
        "customCSS": "cursor: pointer !important;\nborder-bottom: 3px solid #ffffff;\ncolor: #000000;\nbackground-color : rgba(255,255,255,0.0);",
        "isCustomCSSEnabled": true,
        "isForked": true,
        "top_left_border_color": "000000ff",
        "top_left_border_style": "plain",
        "top_left_border_width": 0,
        "top_right_border_color": "000000ff",
        "top_right_border_style": "plain",
        "top_right_border_width": 0
    },
    "spaandroidtablet": {
        "background_color": "ffffff00",
        "bg_type": "one",
        "border_type": 0,
        "bottom_left_border_color": "000000ff",
        "bottom_left_border_style": "plain",
        "bottom_left_border_width": 0,
        "bottom_right_border_color": "ffffffff",
        "bottom_right_border_style": "plain",
        "bottom_right_border_width": "3",
        "customCSS": "cursor: pointer !important;\nborder-bottom: 3px solid #ffffff;\ncolor: #000000;\nbackground-color : rgba(255,255,255,0.0);",
        "isCustomCSSEnabled": true,
        "isForked": true,
        "top_left_border_color": "000000ff",
        "top_left_border_style": "plain",
        "top_left_border_width": 0,
        "top_right_border_color": "000000ff",
        "top_right_border_style": "plain",
        "top_right_border_width": 0
    },
    "spaip": {
        "background_color": "ffffff00",
        "bg_type": "one",
        "border_type": 0,
        "bottom_left_border_color": "000000ff",
        "bottom_left_border_style": "plain",
        "bottom_left_border_width": 0,
        "bottom_right_border_color": "ffffffff",
        "bottom_right_border_style": "plain",
        "bottom_right_border_width": "3",
        "customCSS": "cursor: pointer !important;\nborder-bottom: 3px solid #ffffff;\ncolor: #000000;\nbackground-color : rgba(255,255,255,0.0);",
        "isCustomCSSEnabled": true,
        "isForked": true,
        "top_left_border_color": "000000ff",
        "top_left_border_style": "plain",
        "top_left_border_width": 0,
        "top_right_border_color": "000000ff",
        "top_right_border_style": "plain",
        "top_right_border_width": 0
    },
    "spaipad": {
        "background_color": "ffffff00",
        "bg_type": "one",
        "border_type": 0,
        "bottom_left_border_color": "000000ff",
        "bottom_left_border_style": "plain",
        "bottom_left_border_width": 0,
        "bottom_right_border_color": "ffffffff",
        "bottom_right_border_style": "plain",
        "bottom_right_border_width": "3",
        "customCSS": "cursor: pointer !important;\nborder-bottom: 3px solid #ffffff;\ncolor: #000000;\nbackground-color : rgba(255,255,255,0.0);",
        "isCustomCSSEnabled": true,
        "isForked": true,
        "top_left_border_color": "000000ff",
        "top_left_border_style": "plain",
        "top_left_border_width": 0,
        "top_right_border_color": "000000ff",
        "top_right_border_style": "plain",
        "top_right_border_width": 0
    },
    "spawindowstablet": {
        "background_color": "ffffff00",
        "bg_type": "one",
        "border_type": 0,
        "bottom_left_border_color": "000000ff",
        "bottom_left_border_style": "plain",
        "bottom_left_border_width": 0,
        "bottom_right_border_color": "ffffffff",
        "bottom_right_border_style": "plain",
        "bottom_right_border_width": "3",
        "customCSS": "cursor: pointer !important;\nborder-bottom: 3px solid #ffffff;\ncolor: #000000;\nbackground-color : rgba(255,255,255,0.0);",
        "isCustomCSSEnabled": true,
        "isForked": true,
        "top_left_border_color": "000000ff",
        "top_left_border_style": "plain",
        "top_left_border_width": 0,
        "top_right_border_color": "000000ff",
        "top_right_border_style": "plain",
        "top_right_border_width": 0
    },
    "spawinphone8": {
        "background_color": "ffffff00",
        "bg_type": "one",
        "border_type": 0,
        "bottom_left_border_color": "000000ff",
        "bottom_left_border_style": "plain",
        "bottom_left_border_width": 0,
        "bottom_right_border_color": "ffffffff",
        "bottom_right_border_style": "plain",
        "bottom_right_border_width": "3",
        "customCSS": "cursor: pointer !important;\nborder-bottom: 3px solid #ffffff;\ncolor: #000000;\nbackground-color : rgba(255,255,255,0.0);",
        "isCustomCSSEnabled": true,
        "isForked": true,
        "top_left_border_color": "000000ff",
        "top_left_border_style": "plain",
        "top_left_border_width": 0,
        "top_right_border_color": "000000ff",
        "top_right_border_style": "plain",
        "top_right_border_width": 0
    },
    "tabrcandroid": {
        "background_color": "ffffff00",
        "bg_type": "one",
        "isForked": true
    },
    "wType": "FlexContainer",
    "windows8": {
        "background_color": "ffffff00",
        "bg_type": "one",
        "isForked": true
    },
    "winphone8": {
        "background_color": "ffffff00",
        "bg_type": "one",
        "isForked": true
    }
}