{
    "background_color": "ffffffff",
    "bg_type": "one",
    "border_color": "00000000",
    "border_radius": 3,
    "border_style": "custom",
    "border_type": 0,
    "border_width": 1,
    "desktopweb": {
        "bottom_left_border_color": "00000000",
        "bottom_left_border_style": "plain",
        "bottom_left_border_width": "0",
        "bottom_right_border_color": "00000000",
        "bottom_right_border_style": "plain",
        "bottom_right_border_width": "0",
        "customCSS": "cursor : pointer !important;",
        "isCustomCSSEnabled": true,
        "isForked": true,
        "shadow": {
            "br": 0,
            "color": "bebebeff",
            "inner": false,
            "nm": 0,
            "x": 0,
            "y": 0
        },
        "top_left_border_color": "00000000",
        "top_left_border_style": "plain",
        "top_left_border_width": "0",
        "top_right_border_color": "00000000",
        "top_right_border_style": "plain",
        "top_right_border_width": "0"
    },
    "ipad": {
        "isForked": true
    },
    "iphone": {
        "isForked": true
    },
    "isDefaultSkin": false,
    "kuid": "s30912bce9e54127990b9da19a636851",
    "spaan": {
        "isForked": true
    },
    "spaandroidtablet": {
        "isForked": true
    },
    "spaip": {
        "isForked": true
    },
    "spaipad": {
        "isForked": true
    },
    "spawindowstablet": {
        "isForked": true
    },
    "spawinphone8": {
        "isForked": true
    },
    "wType": "FlexContainer"
}