{
    "android": {
        "font_size": 238,
        "isForked": false
    },
    "background_color": "00000000",
    "bg_type": "one",
    "border_color": "424242ff",
    "border_style": "plain",
    "border_type": 0,
    "border_width": 0,
    "desktopweb": {
        "font_name": "olb_fonts",
        "font_size": 833,
        "isForked": false
    },
    "fontSizeInPx": true,
    "font_color": "727272ff",
    "font_name": "Helvetica",
    "font_size": 833,
    "font_style": "normal",
    "font_weight": "normal",
    "ipad": {
        "font_size": 357,
        "isForked": false
    },
    "iphone": {
        "font_size": 357,
        "isForked": false
    },
    "isDefaultSkin": false,
    "kiosk": {
        "font_size": 625,
        "isForked": false
    },
    "kuid": "s49d08e6707a4483b2ed6e101e45f4e5",
    "spaan": {
        "font_size": 833,
        "isForked": false
    },
    "spaandroidtablet": {
        "font_size": 833,
        "isForked": false
    },
    "spaip": {
        "font_size": 833,
        "isForked": false
    },
    "spaipad": {
        "font_size": 833,
        "isForked": false
    },
    "spawindowstablet": {
        "font_size": 833,
        "isForked": false
    },
    "spawinphone8": {
        "font_size": 833,
        "isForked": false
    },
    "tabrcandroid": {
        "font_size": 593,
        "isForked": false
    },
    "wType": "Label",
    "watchos": {
        "font_size": 357,
        "isForked": false
    },
    "windows8": {
        "font_size": 244,
        "isForked": false
    },
    "winphone8": {
        "font_size": 333,
        "isForked": false
    }
}