{
  "android": {
    "font_name": "Helvetica",
    "font_size": 29,
    "isForked": false
  },
  "background_color": "42424200",
  "bg_type": "one",
  "border_color": "424242ff",
  "border_style": "plain",
  "border_type": 0,
  "border_width": 0,
  "delinkedPltfrms": {
    "desktop": [
      "desktopweb"
    ],
    "mobile": [],
    "tablet": [
      "spaipad"
    ],
    "watch": []
  },
  "desktopweb": {
    "bottom_left_border_style": "plain",
    "bottom_left_border_width": "0",
    "bottom_right_border_style": "plain",
    "bottom_right_border_width": "0",
    "font_color": "ffffffff",
    "font_name": "OLB_font_icons",
    "font_size": 83,
    "isForked": true,
    "top_left_border_style": "plain",
    "top_left_border_width": "0",
    "top_right_border_style": "plain",
    "top_right_border_width": "0"
  },
  "fontSizeInPx": true,
  "font_color": "424242ff",
  "font_name": "Helvetica",
  "font_size": 50,
  "font_style": "normal",
  "font_weight": "normal",
  "ipad": {
    "font_name": "Helvetica",
    "font_size": 43,
    "isForked": false
  },
  "iphone": {
    "font_name": "Helvetica",
    "font_size": 43,
    "isForked": false
  },
  "isDefaultSkin": false,
  "kiosk": {
    "font_name": "GenericMonospace",
    "font_size": 75,
    "isForked": false
  },
  "kuid": "sfa1083b9f9e46caae82dac4c26c7c57",
  "spaan": {
    "font_name": "Helvetica",
    "font_size": 50,
    "isForked": false
  },
  "spaandroidtablet": {
    "font_name": "SourceSansPro-Regular",
    "font_size": 50,
    "isForked": false
  },
  "spaip": {
    "font_name": "Helvetica",
    "font_size": 50,
    "isForked": false
  },
  "spaipad": {
    "font_name": "SourceSansPro-Regular",
    "font_size": 100,
    "isForked": true
  },
  "spawindowstablet": {
    "font_name": "Helvetica",
    "font_size": 50,
    "isForked": false
  },
  "spawinphone8": {
    "font_name": "Helvetica",
    "font_size": 50,
    "isForked": false
  },
  "tabrcandroid": {
    "font_name": "Helvetica",
    "font_size": 71,
    "isForked": false
  },
  "wType": "Label",
  "watchos": {
    "font_name": "Helvetica",
    "font_size": 43,
    "isForked": false
  },
  "windows8": {
    "font_name": "GenericMonospace",
    "font_size": 29,
    "isForked": false
  },
  "winphone8": {
    "font_name": "GenericMonospace",
    "font_size": 40,
    "isForked": false
  }
}