{
  "android": {
    "font_size": 42,
    "isForked": false
  },
  "androidwearos": {
    "font_size": 54,
    "isForked": false
  },
  "background_color": "ffffffff",
  "bg_type": "one",
  "border_color": "003e75ff",
  "border_radius": 3,
  "border_style": "custom",
  "border_type": 0,
  "border_width": 1,
  "desktopweb": {
    "font_name": "SourceSansPro-Regular"
  },
  "fontSizeInPx": true,
  "font_color": "424242ff",
  "font_name": "Helvetica",
  "font_size": 125,
  "font_style": "normal",
  "font_weight": "normal",
  "ipad": {
    "font_size": 54,
    "isForked": false
  },
  "iphone": {
    "font_size": 52,
    "isForked": false
  },
  "isDefaultSkin": false,
  "kiosk": {
    "font_size": 94,
    "isForked": false
  },
  "kuid": "s9eb08f78097439eb767801e8fdeb5cd",
  "spaan": {
    "bottom_left_border_color": "e3e3e3ff",
    "bottom_left_border_radius": "3",
    "bottom_left_border_style": "rc",
    "bottom_left_border_width": 1,
    "bottom_right_border_color": "e3e3e3ff",
    "bottom_right_border_radius": "3",
    "bottom_right_border_style": "rc",
    "bottom_right_border_width": 1,
    "font_size": 125,
    "isForked": true,
    "top_left_border_color": "e3e3e3ff",
    "top_left_border_radius": "3",
    "top_left_border_style": "rc",
    "top_left_border_width": 1,
    "top_right_border_color": "e3e3e3ff",
    "top_right_border_radius": "3",
    "top_right_border_style": "rc",
    "top_right_border_width": 1
  },
  "spaandroidtablet": {
    "bottom_left_border_color": "e3e3e3ff",
    "bottom_left_border_radius": "3",
    "bottom_left_border_style": "rc",
    "bottom_left_border_width": 1,
    "bottom_right_border_color": "e3e3e3ff",
    "bottom_right_border_radius": "3",
    "bottom_right_border_style": "rc",
    "bottom_right_border_width": 1,
    "font_size": 125,
    "isForked": true,
    "top_left_border_color": "e3e3e3ff",
    "top_left_border_radius": "3",
    "top_left_border_style": "rc",
    "top_left_border_width": 1,
    "top_right_border_color": "e3e3e3ff",
    "top_right_border_radius": "3",
    "top_right_border_style": "rc",
    "top_right_border_width": 1
  },
  "spaip": {
    "bottom_left_border_color": "e3e3e3ff",
    "bottom_left_border_radius": "3",
    "bottom_left_border_style": "rc",
    "bottom_left_border_width": 1,
    "bottom_right_border_color": "e3e3e3ff",
    "bottom_right_border_radius": "3",
    "bottom_right_border_style": "rc",
    "bottom_right_border_width": 1,
    "font_size": 125,
    "isForked": true,
    "top_left_border_color": "e3e3e3ff",
    "top_left_border_radius": "3",
    "top_left_border_style": "rc",
    "top_left_border_width": 1,
    "top_right_border_color": "e3e3e3ff",
    "top_right_border_radius": "3",
    "top_right_border_style": "rc",
    "top_right_border_width": 1
  },
  "spaipad": {
    "bottom_left_border_color": "e3e3e3ff",
    "bottom_left_border_radius": "3",
    "bottom_left_border_style": "rc",
    "bottom_left_border_width": 1,
    "bottom_right_border_color": "e3e3e3ff",
    "bottom_right_border_radius": "3",
    "bottom_right_border_style": "rc",
    "bottom_right_border_width": 1,
    "font_size": 125,
    "isForked": true,
    "top_left_border_color": "e3e3e3ff",
    "top_left_border_radius": "3",
    "top_left_border_style": "rc",
    "top_left_border_width": 1,
    "top_right_border_color": "e3e3e3ff",
    "top_right_border_radius": "3",
    "top_right_border_style": "rc",
    "top_right_border_width": 1
  },
  "spawindowstablet": {
    "bottom_left_border_color": "e3e3e3ff",
    "bottom_left_border_radius": "3",
    "bottom_left_border_style": "rc",
    "bottom_left_border_width": 1,
    "bottom_right_border_color": "e3e3e3ff",
    "bottom_right_border_radius": "3",
    "bottom_right_border_style": "rc",
    "bottom_right_border_width": 1,
    "font_size": 125,
    "isForked": true,
    "top_left_border_color": "e3e3e3ff",
    "top_left_border_radius": "3",
    "top_left_border_style": "rc",
    "top_left_border_width": 1,
    "top_right_border_color": "e3e3e3ff",
    "top_right_border_radius": "3",
    "top_right_border_style": "rc",
    "top_right_border_width": 1
  },
  "spawinphone8": {
    "bottom_left_border_color": "e3e3e3ff",
    "bottom_left_border_radius": "3",
    "bottom_left_border_style": "rc",
    "bottom_left_border_width": 1,
    "bottom_right_border_color": "e3e3e3ff",
    "bottom_right_border_radius": "3",
    "bottom_right_border_style": "rc",
    "bottom_right_border_width": 1,
    "font_size": 125,
    "isForked": true,
    "top_left_border_color": "e3e3e3ff",
    "top_left_border_radius": "3",
    "top_left_border_style": "rc",
    "top_left_border_width": 1,
    "top_right_border_color": "e3e3e3ff",
    "top_right_border_radius": "3",
    "top_right_border_style": "rc",
    "top_right_border_width": 1
  },
  "tabrcandroid": {
    "font_size": 89,
    "isForked": false
  },
  "wType": "ListBox",
  "watchos": {
    "font_size": 54,
    "isForked": false
  },
  "windows8": {
    "font_size": 37,
    "isForked": false
  },
  "winphone8": {
    "font_size": 50,
    "isForked": false
  }
}