{
    "android": {
        "font_name": "Helvetica",
        "font_size": 36,
        "isForked": false
    },
    "background_color": "ffffffff",
    "bg_type": "one",
    "border_color": "72727233",
    "border_radius": 2,
    "border_style": "custom",
    "border_type": 0,
    "border_width": 1,
    "desktopweb": {
        "font_name": "SourceSansPro-Regular",
        "font_size": 125,
        "isForked": false
    },
    "fontSizeInPx": true,
    "font_color": "424242ff",
    "font_name": "Helvetica",
    "font_size": 125,
    "font_style": "normal",
    "font_weight": "normal",
    "ipad": {
        "font_name": "Helvetica",
        "font_size": 54,
        "isForked": false
    },
    "iphone": {
        "font_name": "Helvetica",
        "font_size": 54,
        "isForked": false
    },
    "isDefaultSkin": false,
    "kiosk": {
        "font_name": "GenericMonospace",
        "font_size": 94,
        "isForked": false
    },
    "kuid": "sbaba22b80b348e6a9f536af0ad26b53",
    "spaan": {
        "bottom_left_border_color": "72727233",
        "bottom_left_border_style": "plain",
        "bottom_left_border_width": 1,
        "bottom_right_border_color": "72727233",
        "bottom_right_border_style": "plain",
        "bottom_right_border_width": 1,
        "customCSS": "",
        "font_name": "SourceSansPro-Regular",
        "isCustomCSSEnabled": false,
        "isForked": true,
        "top_left_border_color": "72727233",
        "top_left_border_style": "plain",
        "top_left_border_width": 1,
        "top_right_border_color": "72727233",
        "top_right_border_style": "plain",
        "top_right_border_width": 1
    },
    "spaandroidtablet": {
        "bottom_left_border_color": "72727233",
        "bottom_left_border_style": "plain",
        "bottom_left_border_width": 1,
        "bottom_right_border_color": "72727233",
        "bottom_right_border_style": "plain",
        "bottom_right_border_width": 1,
        "customCSS": "",
        "font_name": "SourceSansPro-Regular",
        "isCustomCSSEnabled": false,
        "isForked": true,
        "top_left_border_color": "72727233",
        "top_left_border_style": "plain",
        "top_left_border_width": 1,
        "top_right_border_color": "72727233",
        "top_right_border_style": "plain",
        "top_right_border_width": 1
    },
    "spaip": {
        "bottom_left_border_color": "72727233",
        "bottom_left_border_style": "plain",
        "bottom_left_border_width": 1,
        "bottom_right_border_color": "72727233",
        "bottom_right_border_style": "plain",
        "bottom_right_border_width": 1,
        "customCSS": "",
        "font_name": "SourceSansPro-Regular",
        "isCustomCSSEnabled": false,
        "isForked": true,
        "top_left_border_color": "72727233",
        "top_left_border_style": "plain",
        "top_left_border_width": 1,
        "top_right_border_color": "72727233",
        "top_right_border_style": "plain",
        "top_right_border_width": 1
    },
    "spaipad": {
        "bottom_left_border_color": "72727233",
        "bottom_left_border_style": "plain",
        "bottom_left_border_width": 1,
        "bottom_right_border_color": "72727233",
        "bottom_right_border_style": "plain",
        "bottom_right_border_width": 1,
        "customCSS": "",
        "font_name": "SourceSansPro-Regular",
        "isCustomCSSEnabled": false,
        "isForked": true,
        "top_left_border_color": "72727233",
        "top_left_border_style": "plain",
        "top_left_border_width": 1,
        "top_right_border_color": "72727233",
        "top_right_border_style": "plain",
        "top_right_border_width": 1
    },
    "spawindowstablet": {
        "bottom_left_border_color": "72727233",
        "bottom_left_border_style": "plain",
        "bottom_left_border_width": 1,
        "bottom_right_border_color": "72727233",
        "bottom_right_border_style": "plain",
        "bottom_right_border_width": 1,
        "customCSS": "",
        "font_name": "Helvetica",
        "isCustomCSSEnabled": false,
        "isForked": true,
        "top_left_border_color": "72727233",
        "top_left_border_style": "plain",
        "top_left_border_width": 1,
        "top_right_border_color": "72727233",
        "top_right_border_style": "plain",
        "top_right_border_width": 1
    },
    "spawinphone8": {
        "bottom_left_border_color": "72727233",
        "bottom_left_border_style": "plain",
        "bottom_left_border_width": 1,
        "bottom_right_border_color": "72727233",
        "bottom_right_border_style": "plain",
        "bottom_right_border_width": 1,
        "customCSS": "",
        "font_name": "Helvetica",
        "isCustomCSSEnabled": false,
        "isForked": true,
        "top_left_border_color": "72727233",
        "top_left_border_style": "plain",
        "top_left_border_width": 1,
        "top_right_border_color": "72727233",
        "top_right_border_style": "plain",
        "top_right_border_width": 1
    },
    "tabrcandroid": {
        "font_name": "Helvetica",
        "font_size": 89,
        "isForked": false
    },
    "wType": "ListBox",
    "watchos": {
        "font_name": "Helvetica",
        "font_size": 54,
        "isForked": false
    },
    "windows8": {
        "font_name": "GenericMonospace",
        "font_size": 37,
        "isForked": false
    },
    "winphone8": {
        "font_name": "GenericMonospace",
        "font_size": 50,
        "isForked": false
    }
}