{
    "android": {
        "font_color": "424242ff",
        "font_size": 36,
        "isForked": true
    },
    "androidwearos": {
        "font_color": "424242ff",
        "isForked": true
    },
    "background_color": "00000000",
    "bg_type": "one",
    "border_color": "003e75ff",
    "border_style": "plain",
    "border_type": 0,
    "border_width": 1,
    "desktopweb": {
        "border_type": 0,
        "bottom_left_border_color": "ffffff00",
        "bottom_left_border_style": "plain",
        "bottom_left_border_width": "0",
        "bottom_right_border_color": "003e75ff",
        "bottom_right_border_style": "plain",
        "bottom_right_border_width": "2",
        "font_color": "424242ff",
        "font_name": "SourceSansPro-Regular",
        "font_size": 125,
        "isForked": true,
        "top_left_border_color": "ffffff00",
        "top_left_border_width": "1",
        "top_right_border_color": "ffffff00",
        "top_right_border_style": "plain",
        "top_right_border_width": "0"
    },
    "fontSizeInPx": true,
    "font_color": "336591ff",
    "font_name": "Helvetica",
    "font_size": 125,
    "font_style": "normal",
    "font_weight": "normal",
    "ipad": {
        "font_color": "424242ff",
        "font_size": 54,
        "isForked": true
    },
    "iphone": {
        "font_color": "424242ff",
        "font_size": 54,
        "isForked": true
    },
    "isDefaultSkin": false,
    "kiosk": {
        "font_color": "424242ff",
        "font_size": 94,
        "isForked": true
    },
    "kuid": "s7770ba71df14e6caab96a1643d017c8",
    "spaan": {
        "border_type": 0,
        "bottom_left_border_color": "ffffff00",
        "bottom_left_border_style": "plain",
        "bottom_left_border_width": "0",
        "bottom_right_border_color": "003e75ff",
        "bottom_right_border_style": "plain",
        "bottom_right_border_width": "2",
        "font_color": "424242ff",
        "font_size": 125,
        "isForked": true,
        "top_left_border_color": "ffffff00",
        "top_left_border_width": "1",
        "top_right_border_color": "ffffff00",
        "top_right_border_style": "plain",
        "top_right_border_width": "0"
    },
    "spaandroidtablet": {
        "border_type": 0,
        "bottom_left_border_color": "ffffff00",
        "bottom_left_border_style": "plain",
        "bottom_left_border_width": "0",
        "bottom_right_border_color": "003e75ff",
        "bottom_right_border_style": "plain",
        "bottom_right_border_width": "2",
        "font_color": "424242ff",
        "font_size": 125,
        "isForked": true,
        "top_left_border_color": "ffffff00",
        "top_left_border_width": "1",
        "top_right_border_color": "ffffff00",
        "top_right_border_style": "plain",
        "top_right_border_width": "0"
    },
    "spaip": {
        "border_type": 0,
        "bottom_left_border_color": "ffffff00",
        "bottom_left_border_style": "plain",
        "bottom_left_border_width": "0",
        "bottom_right_border_color": "003e75ff",
        "bottom_right_border_style": "plain",
        "bottom_right_border_width": "2",
        "font_color": "424242ff",
        "font_size": 125,
        "isForked": true,
        "top_left_border_color": "ffffff00",
        "top_left_border_width": "1",
        "top_right_border_color": "ffffff00",
        "top_right_border_style": "plain",
        "top_right_border_width": "0"
    },
    "spaipad": {
        "border_type": 0,
        "bottom_left_border_color": "ffffff00",
        "bottom_left_border_style": "plain",
        "bottom_left_border_width": "0",
        "bottom_right_border_color": "003e75ff",
        "bottom_right_border_style": "plain",
        "bottom_right_border_width": "2",
        "font_color": "424242ff",
        "font_size": 125,
        "isForked": true,
        "top_left_border_color": "ffffff00",
        "top_left_border_width": "1",
        "top_right_border_color": "ffffff00",
        "top_right_border_style": "plain",
        "top_right_border_width": "0"
    },
    "spawindowstablet": {
        "border_type": 0,
        "bottom_left_border_color": "ffffff00",
        "bottom_left_border_style": "plain",
        "bottom_left_border_width": "0",
        "bottom_right_border_color": "003e75ff",
        "bottom_right_border_style": "plain",
        "bottom_right_border_width": "2",
        "font_color": "424242ff",
        "font_size": 125,
        "isForked": true,
        "top_left_border_color": "ffffff00",
        "top_left_border_width": "1",
        "top_right_border_color": "ffffff00",
        "top_right_border_style": "plain",
        "top_right_border_width": "0"
    },
    "spawinphone8": {
        "border_type": 0,
        "bottom_left_border_color": "ffffff00",
        "bottom_left_border_style": "plain",
        "bottom_left_border_width": "0",
        "bottom_right_border_color": "003e75ff",
        "bottom_right_border_style": "plain",
        "bottom_right_border_width": "2",
        "font_color": "424242ff",
        "font_size": 125,
        "isForked": true,
        "top_left_border_color": "ffffff00",
        "top_left_border_width": "1",
        "top_right_border_color": "ffffff00",
        "top_right_border_style": "plain",
        "top_right_border_width": "0"
    },
    "tabrcandroid": {
        "font_color": "424242ff",
        "font_size": 89,
        "isForked": true
    },
    "wType": "Label",
    "watchos": {
        "font_color": "424242ff",
        "font_size": 54,
        "isForked": true
    },
    "windows8": {
        "font_color": "424242ff",
        "font_size": 37,
        "isForked": true
    },
    "winphone8": {
        "font_color": "424242ff",
        "font_size": 50,
        "isForked": true
    }
}