{
    "android": {
        "font_name": "Helvetica",
        "font_size": 71,
        "isForked": true
    },
    "background_color": "00000000",
    "bg_type": "one",
    "border_color": "424242ff",
    "border_style": "plain",
    "border_type": 0,
    "border_width": 0,
    "delinkedPltfrms": {
        "desktop": [
            "desktopweb"
        ],
        "mobile": [
            "spaip",
            "spaan"
        ],
        "tablet": [],
        "watch": []
    },
    "desktopweb": {
        "font_name": "SourceSansPro-Regular",
        "font_size": 167,
        "isForked": false
    },
    "fontSizeInPx": true,
    "font_color": "424242ff",
    "font_name": "Helvetica",
    "font_size": 167,
    "font_style": "normal",
    "font_weight": "normal",
    "ipad": {
        "font_name": "Helvetica",
        "font_size": 107,
        "isForked": true
    },
    "iphone": {
        "font_name": "Helvetica",
        "font_size": 107,
        "isForked": true
    },
    "isDefaultSkin": false,
    "kiosk": {
        "font_name": "GenericMonospace",
        "font_size": 188,
        "isForked": true
    },
    "kuid": "seb74213a87349a9bab5e351eac9f516",
    "spaan": {
        "font_name": "SourceSansPro-Regular",
        "font_size": 125,
        "isForked": true
    },
    "spaandroidtablet": {
        "font_name": "SourceSansPro-Regular",
        "font_size": 125,
        "isForked": true
    },
    "spaip": {
        "font_name": "SourceSansPro-Regular",
        "font_size": 125,
        "isForked": true
    },
    "spaipad": {
        "font_name": "SourceSansPro-Regular",
        "font_size": 125,
        "isForked": true
    },
    "spawindowstablet": {
        "font_name": "Helvetica",
        "font_size": 125,
        "isForked": true
    },
    "spawinphone8": {
        "font_name": "Helvetica",
        "font_size": 125,
        "isForked": true
    },
    "tabrcandroid": {
        "font_name": "Helvetica",
        "font_size": 178,
        "isForked": true
    },
    "wType": "Label",
    "watchos": {
        "font_name": "Helvetica",
        "font_size": 107,
        "isForked": true
    },
    "windows8": {
        "font_name": "GenericMonospace",
        "font_size": 73,
        "isForked": true
    },
    "winphone8": {
        "font_name": "GenericMonospace",
        "font_size": 100,
        "isForked": true
    }
}