{
    "android": {
        "background_left_color": "003e75ff",
        "background_right_color": "0000004c",
        "bg_type": "one",
        "font_name": "default",
        "font_size": 0,
        "isForked": true,
        "left_font_color": "42424200",
        "right_font_color": "42424200",
        "thumb_color": "e3e3e3ff"
    },
    "androidwearos": {
        "background_left_color": "003e75ff",
        "background_right_color": "0000004c",
        "bg_type": "one",
        "font_name": "default",
        "font_size": 0,
        "isForked": true,
        "left_font_color": "42424200",
        "right_font_color": "42424200",
        "thumb_color": "e3e3e3ff"
    },
    "background_left_color": "0089ccff",
    "background_right_color": "ffffff00",
    "bg_type": "one",
    "border_color": "000000ff",
    "border_style": "plain",
    "border_type": 0,
    "border_width": 0,
    "desktopweb": {
        "background_left_color": "003e75ff",
        "background_right_color": "0000004c",
        "bg_type": "one",
        "font_name": "Helvetica",
        "font_size": 0,
        "isForked": true,
        "left_font_color": "42424200",
        "right_font_color": "42424200"
    },
    "fontSizeInPx": true,
    "font_size": 0,
    "font_style": "normal",
    "font_weight": "normal",
    "ipad": {
        "background_left_color": "003e75ff",
        "background_right_color": "0000004c",
        "bg_type": "one",
        "font_name": "System",
        "font_size": 0,
        "isForked": true,
        "left_font_color": "42424200",
        "right_font_color": "42424200",
        "thumb_color": "e3e3e3ff",
        "tint_color": "e3e3e3ff"
    },
    "iphone": {
        "background_left_color": "003e75ff",
        "background_right_color": "0000004c",
        "bg_type": "one",
        "font_name": "System",
        "font_size": 0,
        "isForked": true,
        "left_font_color": "42424200",
        "right_font_color": "42424200",
        "thumb_color": "e3e3e3ff",
        "tint_color": "e3e3e3ff"
    },
    "isDefaultSkin": false,
    "kiosk": {
        "font_name": "None",
        "font_size": 0,
        "isForked": false
    },
    "kuid": "s8764efb1edc47e1aabe259cb11d344e",
    "left_font_color": "42424200",
    "right_font_color": "42424200",
    "spaan": {
        "background_left_color": "003e75ff",
        "background_right_color": "0000004c",
        "bg_type": "one",
        "font_name": "Helvetica",
        "font_size": 0,
        "isForked": true,
        "left_font_color": "42424200",
        "right_font_color": "42424200"
    },
    "spaandroidtablet": {
        "background_left_color": "003e75ff",
        "background_right_color": "0000004c",
        "bg_type": "one",
        "font_name": "Helvetica",
        "font_size": 0,
        "isForked": true,
        "left_font_color": "42424200",
        "right_font_color": "42424200"
    },
    "spaip": {
        "background_left_color": "003e75ff",
        "background_right_color": "0000004c",
        "bg_type": "one",
        "font_name": "Helvetica",
        "font_size": 0,
        "isForked": true,
        "left_font_color": "42424200",
        "right_font_color": "42424200"
    },
    "spaipad": {
        "background_left_color": "003e75ff",
        "background_right_color": "0000004c",
        "bg_type": "one",
        "font_name": "Helvetica",
        "font_size": 0,
        "isForked": true,
        "left_font_color": "42424200",
        "right_font_color": "42424200"
    },
    "spawindowstablet": {
        "background_left_color": "003e75ff",
        "background_right_color": "0000004c",
        "bg_type": "one",
        "font_name": "Helvetica",
        "font_size": 0,
        "isForked": true,
        "left_font_color": "42424200",
        "right_font_color": "42424200"
    },
    "spawinphone8": {
        "background_left_color": "003e75ff",
        "background_right_color": "0000004c",
        "bg_type": "one",
        "font_name": "Helvetica",
        "font_size": 0,
        "isForked": true,
        "left_font_color": "42424200",
        "right_font_color": "42424200"
    },
    "tabrcandroid": {
        "background_left_color": "003e75ff",
        "background_right_color": "0000004c",
        "bg_type": "one",
        "font_name": "default",
        "font_size": 0,
        "isForked": true,
        "left_font_color": "42424200",
        "right_font_color": "42424200",
        "thumb_color": "e3e3e3ff"
    },
    "wType": "Switch",
    "watchos": {
        "background_left_color": "003e75ff",
        "background_right_color": "0000004c",
        "bg_type": "one",
        "font_name": "System",
        "font_size": 0,
        "isForked": true
    },
    "windows8": {
        "background_left_color": "003e75ff",
        "background_right_color": "0000004c",
        "bg_type": "one",
        "font_name": "None",
        "font_size": 0,
        "isForked": true,
        "left_font_color": "42424200",
        "right_font_color": "42424200"
    },
    "winphone8": {
        "background_left_color": "003e75ff",
        "background_right_color": "0000004c",
        "bg_type": "one",
        "font_name": "None",
        "font_size": 0,
        "isForked": true,
        "left_font_color": "42424200",
        "right_font_color": "42424200"
    }
}