{
    "android": {
        "font_name": "Helvetica",
        "font_size": 21,
        "isForked": false
    },
    "androidwearos": {
        "font_size": 43,
        "isForked": false
    },
    "background_color": "00000000",
    "bg_type": "one",
    "border_color": "424242ff",
    "border_style": "plain",
    "border_type": 0,
    "border_width": 0,
    "desktopweb": {
        "font_name": "SourceSansPro-Regular",
        "font_size": 100,
        "isForked": false
    },
    "fontSizeInPx": true,
    "font_color": "ffffffff",
    "font_name": "Helvetica",
    "font_size": 100,
    "font_style": "normal",
    "font_weight": "normal",
    "ipad": {
        "font_name": "Helvetica",
        "font_size": 43,
        "isForked": false
    },
    "iphone": {
        "font_name": "Helvetica",
        "font_size": 29,
        "isForked": false
    },
    "isDefaultSkin": false,
    "kiosk": {
        "font_name": "GenericMonospace",
        "font_size": 75,
        "isForked": false
    },
    "kuid": "s1792a0de97a4a129dbf161c3228b209",
    "spaan": {
        "font_name": "SourceSansPro-Regular",
        "font_size": 100,
        "isForked": false
    },
    "spaandroidtablet": {
        "font_name": "SourceSansPro-Regular",
        "font_size": 100,
        "isForked": false
    },
    "spaip": {
        "font_name": "SourceSansPro-Regular",
        "font_size": 100,
        "isForked": false
    },
    "spaipad": {
        "font_name": "SourceSansPro-Regular",
        "font_size": 100,
        "isForked": false
    },
    "spawindowstablet": {
        "font_name": "Helvetica",
        "font_size": 100,
        "isForked": false
    },
    "spawinphone8": {
        "font_name": "Helvetica",
        "font_size": 100,
        "isForked": false
    },
    "tabrcandroid": {
        "font_name": "Helvetica",
        "font_size": 71,
        "isForked": false
    },
    "wType": "Label",
    "watchos": {
        "font_name": "Helvetica",
        "font_size": 43,
        "isForked": false
    },
    "windows8": {
        "font_name": "GenericMonospace",
        "font_size": 29,
        "isForked": false
    },
    "winphone8": {
        "font_name": "GenericMonospace",
        "font_size": 40,
        "isForked": false
    }
}