{
    "android": {
        "background_gradient_bottom_color": "00000026",
        "background_gradient_top_color": "ffffff00",
        "background_style": "vg",
        "bg_type": "two",
        "isForked": true
    },
    "background_gradient_bottom_color": "ffffff00",
    "background_gradient_top_color": "0000001a",
    "background_style": "vg",
    "bg_type": "two",
    "border_color": "000000ff",
    "border_style": "plain",
    "border_type": 0,
    "border_width": 0,
    "desktopweb": {
        "background_gradient_bottom_color": "00000026",
        "background_gradient_top_color": "ffffff00",
        "background_style": "vg",
        "bg_type": "two",
        "bottom_left_border_color": "000000ff",
        "bottom_left_border_style": "plain",
        "bottom_left_border_width": 0,
        "bottom_right_border_color": "000000ff",
        "bottom_right_border_style": "plain",
        "bottom_right_border_width": 0,
        "isForked": true,
        "shadow": {
            "br": 0,
            "color": "f8f7f8ff",
            "inner": false,
            "nm": 0,
            "x": 0,
            "y": 0
        },
        "top_left_border_color": "000000ff",
        "top_left_border_style": "plain",
        "top_left_border_width": 0,
        "top_right_border_color": "000000ff",
        "top_right_border_style": "plain",
        "top_right_border_width": 0
    },
    "ipad": {
        "background_gradient_bottom_color": "00000026",
        "background_gradient_top_color": "ffffff00",
        "background_style": "vg",
        "bg_type": "two",
        "isForked": true,
        "shadow": {
            "br": 0,
            "color": "f8f7f8ff",
            "inner": false,
            "nm": 0,
            "x": 0,
            "y": 0
        }
    },
    "iphone": {
        "background_gradient_bottom_color": "00000026",
        "background_gradient_top_color": "00000000",
        "background_style": "vg",
        "bg_type": "two",
        "isForked": true,
        "shadow": {
            "br": 0,
            "color": "f8f7f8ff",
            "inner": false,
            "nm": 0,
            "x": 0,
            "y": 0
        }
    },
    "isDefaultSkin": false,
    "kiosk": {
        "background_gradient_bottom_color": "00000026",
        "background_gradient_top_color": "ffffff00",
        "background_style": "vg",
        "bg_type": "two",
        "isForked": true
    },
    "kuid": "s8b73c180a1c474c9632e83f52249a31",
    "spaan": {
        "background_gradient_bottom_color": "00000026",
        "background_gradient_top_color": "ffffff00",
        "background_style": "vg",
        "bg_type": "two",
        "bottom_left_border_color": "000000ff",
        "bottom_left_border_style": "plain",
        "bottom_left_border_width": 0,
        "bottom_right_border_color": "000000ff",
        "bottom_right_border_style": "plain",
        "bottom_right_border_width": 0,
        "isForked": true,
        "shadow": {
            "br": 0,
            "color": "f8f7f8ff",
            "inner": false,
            "nm": 0,
            "x": 0,
            "y": 0
        },
        "top_left_border_color": "000000ff",
        "top_left_border_style": "plain",
        "top_left_border_width": 0,
        "top_right_border_color": "000000ff",
        "top_right_border_style": "plain",
        "top_right_border_width": 0
    },
    "spaandroidtablet": {
        "background_gradient_bottom_color": "00000026",
        "background_gradient_top_color": "ffffff00",
        "background_style": "vg",
        "bg_type": "two",
        "bottom_left_border_color": "000000ff",
        "bottom_left_border_style": "plain",
        "bottom_left_border_width": 0,
        "bottom_right_border_color": "000000ff",
        "bottom_right_border_style": "plain",
        "bottom_right_border_width": 0,
        "isForked": true,
        "shadow": {
            "br": 0,
            "color": "f8f7f8ff",
            "inner": false,
            "nm": 0,
            "x": 0,
            "y": 0
        },
        "top_left_border_color": "000000ff",
        "top_left_border_style": "plain",
        "top_left_border_width": 0,
        "top_right_border_color": "000000ff",
        "top_right_border_style": "plain",
        "top_right_border_width": 0
    },
    "spaip": {
        "background_gradient_bottom_color": "00000026",
        "background_gradient_top_color": "ffffff00",
        "background_style": "vg",
        "bg_type": "two",
        "bottom_left_border_color": "000000ff",
        "bottom_left_border_style": "plain",
        "bottom_left_border_width": 0,
        "bottom_right_border_color": "000000ff",
        "bottom_right_border_style": "plain",
        "bottom_right_border_width": 0,
        "isForked": true,
        "shadow": {
            "br": 0,
            "color": "f8f7f8ff",
            "inner": false,
            "nm": 0,
            "x": 0,
            "y": 0
        },
        "top_left_border_color": "000000ff",
        "top_left_border_style": "plain",
        "top_left_border_width": 0,
        "top_right_border_color": "000000ff",
        "top_right_border_style": "plain",
        "top_right_border_width": 0
    },
    "spaipad": {
        "background_gradient_bottom_color": "00000026",
        "background_gradient_top_color": "ffffff00",
        "background_style": "vg",
        "bg_type": "two",
        "bottom_left_border_color": "000000ff",
        "bottom_left_border_style": "plain",
        "bottom_left_border_width": 0,
        "bottom_right_border_color": "000000ff",
        "bottom_right_border_style": "plain",
        "bottom_right_border_width": 0,
        "isForked": true,
        "shadow": {
            "br": 0,
            "color": "f8f7f8ff",
            "inner": false,
            "nm": 0,
            "x": 0,
            "y": 0
        },
        "top_left_border_color": "000000ff",
        "top_left_border_style": "plain",
        "top_left_border_width": 0,
        "top_right_border_color": "000000ff",
        "top_right_border_style": "plain",
        "top_right_border_width": 0
    },
    "spawindowstablet": {
        "background_gradient_bottom_color": "00000026",
        "background_gradient_top_color": "ffffff00",
        "background_style": "vg",
        "bg_type": "two",
        "bottom_left_border_color": "000000ff",
        "bottom_left_border_style": "plain",
        "bottom_left_border_width": 0,
        "bottom_right_border_color": "000000ff",
        "bottom_right_border_style": "plain",
        "bottom_right_border_width": 0,
        "isForked": true,
        "shadow": {
            "br": 0,
            "color": "f8f7f8ff",
            "inner": false,
            "nm": 0,
            "x": 0,
            "y": 0
        },
        "top_left_border_color": "000000ff",
        "top_left_border_style": "plain",
        "top_left_border_width": 0,
        "top_right_border_color": "000000ff",
        "top_right_border_style": "plain",
        "top_right_border_width": 0
    },
    "spawinphone8": {
        "background_gradient_bottom_color": "00000026",
        "background_gradient_top_color": "ffffff00",
        "background_style": "vg",
        "bg_type": "two",
        "bottom_left_border_color": "000000ff",
        "bottom_left_border_style": "plain",
        "bottom_left_border_width": 0,
        "bottom_right_border_color": "000000ff",
        "bottom_right_border_style": "plain",
        "bottom_right_border_width": 0,
        "isForked": true,
        "shadow": {
            "br": 0,
            "color": "f8f7f8ff",
            "inner": false,
            "nm": 0,
            "x": 0,
            "y": 0
        },
        "top_left_border_color": "000000ff",
        "top_left_border_style": "plain",
        "top_left_border_width": 0,
        "top_right_border_color": "000000ff",
        "top_right_border_style": "plain",
        "top_right_border_width": 0
    },
    "tabrcandroid": {
        "background_gradient_bottom_color": "00000026",
        "background_gradient_top_color": "ffffff00",
        "background_style": "vg",
        "bg_type": "two",
        "isForked": true
    },
    "wType": "FlexContainer",
    "windows8": {
        "background_gradient_bottom_color": "00000026",
        "background_gradient_top_color": "ffffff00",
        "background_style": "vg",
        "bg_type": "two",
        "isForked": true
    },
    "winphone8": {
        "background_gradient_bottom_color": "00000026",
        "background_gradient_top_color": "ffffff00",
        "background_style": "vg",
        "bg_type": "two",
        "isForked": true
    }
}