{
  "android": {
    "background_color": "336591ff",
    "bg_type": "one",
    "font_name": "Helvetica",
    "font_size": 40,
    "isForked": true,
    "text_shadow": {
      "br": 0,
      "color": "000000ff",
      "nm": 0,
      "x": 0,
      "y": 0
    }
  },
  "androidwearos": {
    "font_size": 54,
    "isForked": false
  },
  "background_color": "003e7500",
  "bg_type": "one",
  "border_color": "ffffff66",
  "border_radius": 3,
  "border_style": "custom",
  "border_type": 0,
  "border_width": 1,
  "delinkedPltfrms": {
    "desktop": [
      "desktopweb"
    ],
    "mobile": [
      "spaip",
      "iphone"
    ],
    "tablet": [],
    "watch": []
  },
  "desktopweb": {
    "font_name": "SourceSansPro-Regular",
    "font_size": 94,
    "isForked": false
  },
  "fontSizeInPx": true,
  "font_color": "ffffffff",
  "font_name": "Helvetica",
  "font_size": 94,
  "font_style": "normal",
  "font_weight": "normal",
  "ipad": {
    "background_color": "336591ff",
    "bg_type": "one",
    "font_name": "Helvetica",
    "font_size": 61,
    "isForked": true,
    "text_shadow": {
      "br": 0,
      "color": "000000ff",
      "nm": 0,
      "x": 0,
      "y": 0
    }
  },
  "iphone": {
    "background_color": "336591ff",
    "bg_type": "one",
    "font_name": "Helvetica",
    "font_size": 461,
    "isForked": true,
    "text_shadow": {
      "br": 0,
      "color": "000000ff",
      "nm": 0,
      "x": 0,
      "y": 0
    }
  },
  "isDefaultSkin": false,
  "kiosk": {
    "background_color": "336591ff",
    "bg_type": "one",
    "font_name": "GenericMonospace",
    "font_size": 106,
    "isForked": true
  },
  "kuid": "sca38496603547e197a05ec3b1978c10",
  "spaan": {
    "background_color": "336591ff",
    "bg_type": "one",
    "border_type": 0,
    "bottom_left_border_color": "336591ff",
    "bottom_left_border_radius": "2",
    "bottom_left_border_style": "rc",
    "bottom_left_border_width": "1",
    "bottom_right_border_color": "336591ff",
    "bottom_right_border_radius": "2",
    "bottom_right_border_style": "rc",
    "bottom_right_border_width": "1",
    "font_name": "SourceSansPro-Regular",
    "font_size": 142,
    "isForked": true,
    "shadow": {
      "br": 0,
      "color": "000000ff",
      "inner": false,
      "nm": 0,
      "x": 0,
      "y": 0
    },
    "text_shadow": {
      "br": 0,
      "color": "000000ff",
      "nm": 0,
      "x": 0,
      "y": 0
    },
    "top_left_border_color": "336591ff",
    "top_left_border_radius": "2",
    "top_left_border_style": "rc",
    "top_left_border_width": "1",
    "top_right_border_color": "336591ff",
    "top_right_border_radius": "2",
    "top_right_border_style": "rc",
    "top_right_border_width": "1"
  },
  "spaandroidtablet": {
    "background_color": "336591ff",
    "bg_type": "one",
    "border_type": 0,
    "bottom_left_border_color": "336591ff",
    "bottom_left_border_radius": "2",
    "bottom_left_border_style": "rc",
    "bottom_left_border_width": "1",
    "bottom_right_border_color": "336591ff",
    "bottom_right_border_radius": "2",
    "bottom_right_border_style": "rc",
    "bottom_right_border_width": "1",
    "font_name": "SourceSansPro-Regular",
    "font_size": 142,
    "isForked": true,
    "shadow": {
      "br": 0,
      "color": "000000ff",
      "inner": false,
      "nm": 0,
      "x": 0,
      "y": 0
    },
    "text_shadow": {
      "br": 0,
      "color": "000000ff",
      "nm": 0,
      "x": 0,
      "y": 0
    },
    "top_left_border_color": "336591ff",
    "top_left_border_radius": "2",
    "top_left_border_style": "rc",
    "top_left_border_width": "1",
    "top_right_border_color": "336591ff",
    "top_right_border_radius": "2",
    "top_right_border_style": "rc",
    "top_right_border_width": "1"
  },
  "spaip": {
    "font_size": 97,
    "isForked": false
  },
  "spaipad": {
    "background_color": "336591ff",
    "bg_type": "one",
    "border_type": 0,
    "bottom_left_border_color": "336591ff",
    "bottom_left_border_radius": "2",
    "bottom_left_border_style": "rc",
    "bottom_left_border_width": "1",
    "bottom_right_border_color": "336591ff",
    "bottom_right_border_radius": "2",
    "bottom_right_border_style": "rc",
    "bottom_right_border_width": "1",
    "font_name": "SourceSansPro-Regular",
    "font_size": 142,
    "isForked": true,
    "shadow": {
      "br": 0,
      "color": "000000ff",
      "inner": false,
      "nm": 0,
      "x": 0,
      "y": 0
    },
    "text_shadow": {
      "br": 0,
      "color": "000000ff",
      "nm": 0,
      "x": 0,
      "y": 0
    },
    "top_left_border_color": "336591ff",
    "top_left_border_radius": "2",
    "top_left_border_style": "rc",
    "top_left_border_width": "1",
    "top_right_border_color": "336591ff",
    "top_right_border_radius": "2",
    "top_right_border_style": "rc",
    "top_right_border_width": "1"
  },
  "spawindowstablet": {
    "background_color": "336591ff",
    "bg_type": "one",
    "border_type": 0,
    "bottom_left_border_color": "336591ff",
    "bottom_left_border_radius": "2",
    "bottom_left_border_style": "rc",
    "bottom_left_border_width": "1",
    "bottom_right_border_color": "336591ff",
    "bottom_right_border_radius": "2",
    "bottom_right_border_style": "rc",
    "bottom_right_border_width": "1",
    "font_name": "Helvetica",
    "font_size": 142,
    "isForked": true,
    "shadow": {
      "br": 0,
      "color": "000000ff",
      "inner": false,
      "nm": 0,
      "x": 0,
      "y": 0
    },
    "text_shadow": {
      "br": 0,
      "color": "000000ff",
      "nm": 0,
      "x": 0,
      "y": 0
    },
    "top_left_border_color": "336591ff",
    "top_left_border_radius": "2",
    "top_left_border_style": "rc",
    "top_left_border_width": "1",
    "top_right_border_color": "336591ff",
    "top_right_border_radius": "2",
    "top_right_border_style": "rc",
    "top_right_border_width": "1"
  },
  "spawinphone8": {
    "background_color": "336591ff",
    "bg_type": "one",
    "border_type": 0,
    "bottom_left_border_color": "336591ff",
    "bottom_left_border_radius": "2",
    "bottom_left_border_style": "rc",
    "bottom_left_border_width": "1",
    "bottom_right_border_color": "336591ff",
    "bottom_right_border_radius": "2",
    "bottom_right_border_style": "rc",
    "bottom_right_border_width": "1",
    "font_name": "Helvetica",
    "font_size": 142,
    "isForked": true,
    "shadow": {
      "br": 0,
      "color": "000000ff",
      "inner": false,
      "nm": 0,
      "x": 0,
      "y": 0
    },
    "text_shadow": {
      "br": 0,
      "color": "000000ff",
      "nm": 0,
      "x": 0,
      "y": 0
    },
    "top_left_border_color": "336591ff",
    "top_left_border_radius": "2",
    "top_left_border_style": "rc",
    "top_left_border_width": "1",
    "top_right_border_color": "336591ff",
    "top_right_border_radius": "2",
    "top_right_border_style": "rc",
    "top_right_border_width": "1"
  },
  "tabrcandroid": {
    "background_color": "336591ff",
    "bg_type": "one",
    "font_name": "Helvetica",
    "font_size": 101,
    "isForked": true,
    "text_shadow": {
      "br": 0,
      "color": "000000ff",
      "nm": 0,
      "x": 0,
      "y": 0
    }
  },
  "wType": "Button",
  "watchos": {
    "background_color": "336591ff",
    "bg_type": "one",
    "font_name": "Helvetica",
    "font_size": 61,
    "isForked": true
  },
  "windows8": {
    "background_color": "336591ff",
    "bg_type": "one",
    "font_name": "GenericMonospace",
    "font_size": 41,
    "isForked": true
  },
  "winphone8": {
    "background_color": "336591ff",
    "bg_type": "one",
    "font_name": "GenericMonospace",
    "font_size": 57,
    "isForked": true
  }
}