{
    "android": {
        "font_name": "default",
        "font_size": 92,
        "isForked": false
    },
    "androidwearos": {
        "font_name": "default"
    },
    "background_color": "00000000",
    "bg_type": "one",
    "border_color": "424242ff",
    "border_style": "plain",
    "border_type": 0,
    "border_width": 0,
    "desktopweb": {
        "font_name": "Helvetica",
        "font_size": 92,
        "isForked": false
    },
    "fontSizeInPx": false,
    "font_color": "8e8e8eff",
    "font_name": "Helvetica",
    "font_size": 92,
    "font_style": "normal",
    "font_weight": "normal",
    "ipad": {
        "font_name": "System",
        "font_size": 92,
        "isForked": false
    },
    "iphone": {
        "font_name": "System",
        "font_size": 92,
        "isForked": false
    },
    "isDefaultSkin": false,
    "kiosk": {
        "font_name": "None",
        "font_size": 92,
        "isForked": false
    },
    "kuid": "sbebc5d1df5c415c9e6c0cb6262566a7",
    "spaan": {
        "font_name": "Helvetica",
        "font_size": 92,
        "isForked": false
    },
    "spaandroidtablet": {
        "font_name": "Helvetica",
        "font_size": 92,
        "isForked": false
    },
    "spaip": {
        "font_name": "Helvetica",
        "font_size": 92,
        "isForked": false
    },
    "spaipad": {
        "font_name": "Helvetica",
        "font_size": 92,
        "isForked": false
    },
    "spawindowstablet": {
        "font_name": "Helvetica",
        "font_size": 92,
        "isForked": false
    },
    "spawinphone8": {
        "font_name": "Helvetica",
        "font_size": 92,
        "isForked": false
    },
    "tabrcandroid": {
        "font_name": "default",
        "font_size": 92,
        "isForked": false
    },
    "wType": "Label",
    "watchos": {
        "font_name": "System",
        "font_size": 92,
        "isForked": false
    },
    "windows8": {
        "font_name": "None",
        "font_size": 92,
        "isForked": false
    },
    "winphone8": {
        "font_name": "None",
        "font_size": 92,
        "isForked": false
    }
}