{
    "android": {
        "isForked": true
    },
    "background_color": "ffffff26",
    "bg_type": "one",
    "border_color": "000000ff",
    "border_style": "plain",
    "border_type": 0,
    "border_width": 0,
    "desktopweb": {
        "bottom_left_border_color": "000000ff",
        "bottom_left_border_style": "plain",
        "bottom_left_border_width": 0,
        "bottom_right_border_color": "000000ff",
        "bottom_right_border_style": "plain",
        "bottom_right_border_width": 0,
        "isForked": true,
        "shadow": {
            "br": 2,
            "color": "000000",
            "inner": false,
            "nm": 0,
            "x": 0,
            "y": 3
        },
        "top_left_border_color": "000000ff",
        "top_left_border_style": "plain",
        "top_left_border_width": 0,
        "top_right_border_color": "000000ff",
        "top_right_border_style": "plain",
        "top_right_border_width": 0
    },
    "isDefaultSkin": false,
    "kuid": "s33ca7d260fd4e5a9563aab1e919af68",
    "spaan": {
        "bottom_left_border_color": "000000ff",
        "bottom_left_border_style": "plain",
        "bottom_left_border_width": 0,
        "bottom_right_border_color": "000000ff",
        "bottom_right_border_style": "plain",
        "bottom_right_border_width": 0,
        "isForked": true,
        "shadow": {
            "br": 2,
            "color": "000000",
            "inner": false,
            "nm": 0,
            "x": 0,
            "y": 3
        },
        "top_left_border_color": "000000ff",
        "top_left_border_style": "plain",
        "top_left_border_width": 0,
        "top_right_border_color": "000000ff",
        "top_right_border_style": "plain",
        "top_right_border_width": 0
    },
    "spaandroidtablet": {
        "bottom_left_border_color": "000000ff",
        "bottom_left_border_style": "plain",
        "bottom_left_border_width": 0,
        "bottom_right_border_color": "000000ff",
        "bottom_right_border_style": "plain",
        "bottom_right_border_width": 0,
        "isForked": true,
        "shadow": {
            "br": 2,
            "color": "000000",
            "inner": false,
            "nm": 0,
            "x": 0,
            "y": 3
        },
        "top_left_border_color": "000000ff",
        "top_left_border_style": "plain",
        "top_left_border_width": 0,
        "top_right_border_color": "000000ff",
        "top_right_border_style": "plain",
        "top_right_border_width": 0
    },
    "spaip": {
        "bottom_left_border_color": "000000ff",
        "bottom_left_border_style": "plain",
        "bottom_left_border_width": 0,
        "bottom_right_border_color": "000000ff",
        "bottom_right_border_style": "plain",
        "bottom_right_border_width": 0,
        "isForked": true,
        "shadow": {
            "br": 2,
            "color": "000000",
            "inner": false,
            "nm": 0,
            "x": 0,
            "y": 3
        },
        "top_left_border_color": "000000ff",
        "top_left_border_style": "plain",
        "top_left_border_width": 0,
        "top_right_border_color": "000000ff",
        "top_right_border_style": "plain",
        "top_right_border_width": 0
    },
    "spaipad": {
        "bottom_left_border_color": "000000ff",
        "bottom_left_border_style": "plain",
        "bottom_left_border_width": 0,
        "bottom_right_border_color": "000000ff",
        "bottom_right_border_style": "plain",
        "bottom_right_border_width": 0,
        "isForked": true,
        "shadow": {
            "br": 2,
            "color": "000000",
            "inner": false,
            "nm": 0,
            "x": 0,
            "y": 3
        },
        "top_left_border_color": "000000ff",
        "top_left_border_style": "plain",
        "top_left_border_width": 0,
        "top_right_border_color": "000000ff",
        "top_right_border_style": "plain",
        "top_right_border_width": 0
    },
    "spawindowstablet": {
        "bottom_left_border_color": "000000ff",
        "bottom_left_border_style": "plain",
        "bottom_left_border_width": 0,
        "bottom_right_border_color": "000000ff",
        "bottom_right_border_style": "plain",
        "bottom_right_border_width": 0,
        "isForked": true,
        "shadow": {
            "br": 2,
            "color": "000000",
            "inner": false,
            "nm": 0,
            "x": 0,
            "y": 3
        },
        "top_left_border_color": "000000ff",
        "top_left_border_style": "plain",
        "top_left_border_width": 0,
        "top_right_border_color": "000000ff",
        "top_right_border_style": "plain",
        "top_right_border_width": 0
    },
    "spawinphone8": {
        "bottom_left_border_color": "000000ff",
        "bottom_left_border_style": "plain",
        "bottom_left_border_width": 0,
        "bottom_right_border_color": "000000ff",
        "bottom_right_border_style": "plain",
        "bottom_right_border_width": 0,
        "isForked": true,
        "shadow": {
            "br": 2,
            "color": "000000",
            "inner": false,
            "nm": 0,
            "x": 0,
            "y": 3
        },
        "top_left_border_color": "000000ff",
        "top_left_border_style": "plain",
        "top_left_border_width": 0,
        "top_right_border_color": "000000ff",
        "top_right_border_style": "plain",
        "top_right_border_width": 0
    },
    "wType": "FlexContainer"
}