{
    "background_color": "ffffffff",
    "bg_type": "one",
    "border_color": "000000ff",
    "border_style": "plain",
    "border_type": 0,
    "border_width": 0,
    "desktopweb": {
        "border_type": 0,
        "bottom_left_border_color": "ffffffff",
        "bottom_left_border_radius": "4",
        "bottom_left_border_style": "rc",
        "bottom_left_border_width": "1",
        "bottom_right_border_color": "ffffffff",
        "bottom_right_border_radius": "4",
        "bottom_right_border_style": "rc",
        "bottom_right_border_width": "1",
        "isForked": true,
        "shadow": {
            "br": 40,
            "color": "424242ff",
            "inner": false,
            "nm": 0,
            "x": 4,
            "y": 4
        },
        "top_left_border_color": "ffffffff",
        "top_left_border_radius": "4",
        "top_left_border_style": "rc",
        "top_left_border_width": "1",
        "top_right_border_color": "ffffffff",
        "top_right_border_radius": "4",
        "top_right_border_style": "rc",
        "top_right_border_width": "1"
    },
    "ipad": {
        "isForked": true,
        "shadow": {
            "br": 40,
            "color": "424242ff",
            "inner": false,
            "nm": 0,
            "x": 4,
            "y": 4
        }
    },
    "iphone": {
        "isForked": true,
        "shadow": {
            "br": 40,
            "color": "424242ff",
            "inner": false,
            "nm": 0,
            "x": 4,
            "y": 4
        }
    },
    "isDefaultSkin": false,
    "kuid": "s2cdab8c795c4d7492a5850058e29e68",
    "spaan": {
        "border_type": 0,
        "bottom_left_border_color": "ffffffff",
        "bottom_left_border_radius": "4",
        "bottom_left_border_style": "rc",
        "bottom_left_border_width": "1",
        "bottom_right_border_color": "ffffffff",
        "bottom_right_border_radius": "4",
        "bottom_right_border_style": "rc",
        "bottom_right_border_width": "1",
        "isForked": true,
        "shadow": {
            "br": 40,
            "color": "424242ff",
            "inner": false,
            "nm": 0,
            "x": 4,
            "y": 4
        },
        "top_left_border_color": "ffffffff",
        "top_left_border_radius": "4",
        "top_left_border_style": "rc",
        "top_left_border_width": "1",
        "top_right_border_color": "ffffffff",
        "top_right_border_radius": "4",
        "top_right_border_style": "rc",
        "top_right_border_width": "1"
    },
    "spaandroidtablet": {
        "border_type": 0,
        "bottom_left_border_color": "ffffffff",
        "bottom_left_border_radius": "4",
        "bottom_left_border_style": "rc",
        "bottom_left_border_width": "1",
        "bottom_right_border_color": "ffffffff",
        "bottom_right_border_radius": "4",
        "bottom_right_border_style": "rc",
        "bottom_right_border_width": "1",
        "isForked": true,
        "shadow": {
            "br": 40,
            "color": "424242ff",
            "inner": false,
            "nm": 0,
            "x": 4,
            "y": 4
        },
        "top_left_border_color": "ffffffff",
        "top_left_border_radius": "4",
        "top_left_border_style": "rc",
        "top_left_border_width": "1",
        "top_right_border_color": "ffffffff",
        "top_right_border_radius": "4",
        "top_right_border_style": "rc",
        "top_right_border_width": "1"
    },
    "spaip": {
        "border_type": 0,
        "bottom_left_border_color": "ffffffff",
        "bottom_left_border_radius": "4",
        "bottom_left_border_style": "rc",
        "bottom_left_border_width": "1",
        "bottom_right_border_color": "ffffffff",
        "bottom_right_border_radius": "4",
        "bottom_right_border_style": "rc",
        "bottom_right_border_width": "1",
        "isForked": true,
        "shadow": {
            "br": 40,
            "color": "424242ff",
            "inner": false,
            "nm": 0,
            "x": 4,
            "y": 4
        },
        "top_left_border_color": "ffffffff",
        "top_left_border_radius": "4",
        "top_left_border_style": "rc",
        "top_left_border_width": "1",
        "top_right_border_color": "ffffffff",
        "top_right_border_radius": "4",
        "top_right_border_style": "rc",
        "top_right_border_width": "1"
    },
    "spaipad": {
        "border_type": 0,
        "bottom_left_border_color": "ffffffff",
        "bottom_left_border_radius": "4",
        "bottom_left_border_style": "rc",
        "bottom_left_border_width": "1",
        "bottom_right_border_color": "ffffffff",
        "bottom_right_border_radius": "4",
        "bottom_right_border_style": "rc",
        "bottom_right_border_width": "1",
        "isForked": true,
        "shadow": {
            "br": 40,
            "color": "424242ff",
            "inner": false,
            "nm": 0,
            "x": 4,
            "y": 4
        },
        "top_left_border_color": "ffffffff",
        "top_left_border_radius": "4",
        "top_left_border_style": "rc",
        "top_left_border_width": "1",
        "top_right_border_color": "ffffffff",
        "top_right_border_radius": "4",
        "top_right_border_style": "rc",
        "top_right_border_width": "1"
    },
    "spawindowstablet": {
        "border_type": 0,
        "bottom_left_border_color": "ffffffff",
        "bottom_left_border_radius": "4",
        "bottom_left_border_style": "rc",
        "bottom_left_border_width": "1",
        "bottom_right_border_color": "ffffffff",
        "bottom_right_border_radius": "4",
        "bottom_right_border_style": "rc",
        "bottom_right_border_width": "1",
        "isForked": true,
        "shadow": {
            "br": 40,
            "color": "424242ff",
            "inner": false,
            "nm": 0,
            "x": 4,
            "y": 4
        },
        "top_left_border_color": "ffffffff",
        "top_left_border_radius": "4",
        "top_left_border_style": "rc",
        "top_left_border_width": "1",
        "top_right_border_color": "ffffffff",
        "top_right_border_radius": "4",
        "top_right_border_style": "rc",
        "top_right_border_width": "1"
    },
    "spawinphone8": {
        "border_type": 0,
        "bottom_left_border_color": "ffffffff",
        "bottom_left_border_radius": "4",
        "bottom_left_border_style": "rc",
        "bottom_left_border_width": "1",
        "bottom_right_border_color": "ffffffff",
        "bottom_right_border_radius": "4",
        "bottom_right_border_style": "rc",
        "bottom_right_border_width": "1",
        "isForked": true,
        "shadow": {
            "br": 40,
            "color": "424242ff",
            "inner": false,
            "nm": 0,
            "x": 4,
            "y": 4
        },
        "top_left_border_color": "ffffffff",
        "top_left_border_radius": "4",
        "top_left_border_style": "rc",
        "top_left_border_width": "1",
        "top_right_border_color": "ffffffff",
        "top_right_border_radius": "4",
        "top_right_border_style": "rc",
        "top_right_border_width": "1"
    },
    "wType": "FlexContainer"
}