{
    "background_color": "f8f7f800",
    "bg_type": "one",
    "border_color": "f8f7f8ff",
    "border_radius": 5,
    "border_style": "custom",
    "border_type": 0,
    "border_width": 1,
    "desktopweb": {
        "bottom_left_border_color": "f8f7f8ff",
        "bottom_left_border_style": "plain",
        "bottom_left_border_width": "0",
        "bottom_right_border_color": "f8f7f8ff",
        "bottom_right_border_style": "plain",
        "bottom_right_border_width": "0",
        "customCSS": "cursor: pointer !important;\n",
        "isCustomCSSEnabled": true,
        "isForked": true,
        "top_left_border_color": "f8f7f8ff",
        "top_left_border_style": "plain",
        "top_left_border_width": "0",
        "top_right_border_color": "f8f7f8ff",
        "top_right_border_style": "plain",
        "top_right_border_width": "0"
    },
    "isDefaultSkin": false,
    "kuid": "s680c9bafb594fe4bfa388d84acc43b2",
    "spaan": {
        "bottom_left_border_color": "f8f7f8ff",
        "bottom_left_border_style": "plain",
        "bottom_left_border_width": "0",
        "bottom_right_border_color": "f8f7f8ff",
        "bottom_right_border_style": "plain",
        "bottom_right_border_width": "0",
        "isCustomCSSEnabled": true,
        "isForked": true,
        "top_left_border_color": "f8f7f8ff",
        "top_left_border_style": "plain",
        "top_left_border_width": "0",
        "top_right_border_color": "f8f7f8ff",
        "top_right_border_style": "plain",
        "top_right_border_width": "0"
    },
    "spaandroidtablet": {
        "bottom_left_border_color": "f8f7f8ff",
        "bottom_left_border_style": "plain",
        "bottom_left_border_width": "0",
        "bottom_right_border_color": "f8f7f8ff",
        "bottom_right_border_style": "plain",
        "bottom_right_border_width": "0",
        "isCustomCSSEnabled": true,
        "isForked": true,
        "top_left_border_color": "f8f7f8ff",
        "top_left_border_style": "plain",
        "top_left_border_width": "0",
        "top_right_border_color": "f8f7f8ff",
        "top_right_border_style": "plain",
        "top_right_border_width": "0"
    },
    "spaip": {
        "bottom_left_border_color": "f8f7f8ff",
        "bottom_left_border_style": "plain",
        "bottom_left_border_width": "0",
        "bottom_right_border_color": "f8f7f8ff",
        "bottom_right_border_style": "plain",
        "bottom_right_border_width": "0",
        "isCustomCSSEnabled": true,
        "isForked": true,
        "top_left_border_color": "f8f7f8ff",
        "top_left_border_style": "plain",
        "top_left_border_width": "0",
        "top_right_border_color": "f8f7f8ff",
        "top_right_border_style": "plain",
        "top_right_border_width": "0"
    },
    "spaipad": {
        "bottom_left_border_color": "f8f7f8ff",
        "bottom_left_border_style": "plain",
        "bottom_left_border_width": "0",
        "bottom_right_border_color": "f8f7f8ff",
        "bottom_right_border_style": "plain",
        "bottom_right_border_width": "0",
        "isCustomCSSEnabled": true,
        "isForked": true,
        "top_left_border_color": "f8f7f8ff",
        "top_left_border_style": "plain",
        "top_left_border_width": "0",
        "top_right_border_color": "f8f7f8ff",
        "top_right_border_style": "plain",
        "top_right_border_width": "0"
    },
    "spawindowstablet": {
        "bottom_left_border_color": "f8f7f8ff",
        "bottom_left_border_style": "plain",
        "bottom_left_border_width": "0",
        "bottom_right_border_color": "f8f7f8ff",
        "bottom_right_border_style": "plain",
        "bottom_right_border_width": "0",
        "isCustomCSSEnabled": true,
        "isForked": true,
        "top_left_border_color": "f8f7f8ff",
        "top_left_border_style": "plain",
        "top_left_border_width": "0",
        "top_right_border_color": "f8f7f8ff",
        "top_right_border_style": "plain",
        "top_right_border_width": "0"
    },
    "spawinphone8": {
        "bottom_left_border_color": "f8f7f8ff",
        "bottom_left_border_style": "plain",
        "bottom_left_border_width": "0",
        "bottom_right_border_color": "f8f7f8ff",
        "bottom_right_border_style": "plain",
        "bottom_right_border_width": "0",
        "isCustomCSSEnabled": true,
        "isForked": true,
        "top_left_border_color": "f8f7f8ff",
        "top_left_border_style": "plain",
        "top_left_border_width": "0",
        "top_right_border_color": "f8f7f8ff",
        "top_right_border_style": "plain",
        "top_right_border_width": "0"
    },
    "wType": "FlexContainer"
}