{
    "android": {
        "background_color": "336591ff",
        "bg_type": "one",
        "font_name": "Helvetica",
        "font_size": 40,
        "isForked": true
    },
    "background_color": "336591ff",
    "bg_type": "one",
    "border_color": "336591ff",
    "border_radius": 3,
    "border_style": "custom",
    "border_type": 0,
    "border_width": 1,
    "desktopweb": {
        "font_name": "SourceSansPro-Regular",
        "font_size": 125,
        "isForked": false
    },
    "fontSizeInPx": true,
    "font_color": "ffffffff",
    "font_name": "Helvetica",
    "font_size": 125,
    "font_style": "normal",
    "font_weight": "normal",
    "ipad": {
        "background_color": "336591ff",
        "bg_type": "one",
        "font_name": "Helvetica",
        "font_size": 61,
        "isForked": true
    },
    "iphone": {
        "background_color": "336591ff",
        "bg_type": "one",
        "font_name": "Helvetica",
        "font_size": 461,
        "isForked": true
    },
    "isDefaultSkin": false,
    "kiosk": {
        "background_color": "336591ff",
        "bg_type": "one",
        "font_name": "GenericMonospace",
        "font_size": 106,
        "isForked": true
    },
    "kuid": "s81054b5e2b74f17a5261991df565427",
    "spaan": {
        "background_color": "336591ff",
        "bg_type": "one",
        "border_type": 0,
        "font_name": "SourceSansPro-Regular",
        "font_size": 142,
        "isForked": true
    },
    "spaandroidtablet": {
        "background_color": "336591ff",
        "bg_type": "one",
        "border_type": 0,
        "font_name": "SourceSansPro-Regular",
        "font_size": 142,
        "isForked": true
    },
    "spaip": {
        "background_color": "336591ff",
        "bg_type": "one",
        "border_type": 0,
        "font_name": "SourceSansPro-Regular",
        "font_size": 142,
        "isForked": true
    },
    "spaipad": {
        "background_color": "336591ff",
        "bg_type": "one",
        "border_type": 0,
        "font_name": "SourceSansPro-Regular",
        "font_size": 142,
        "isForked": true
    },
    "spawindowstablet": {
        "background_color": "336591ff",
        "bg_type": "one",
        "border_type": 0,
        "font_name": "Helvetica",
        "font_size": 142,
        "isForked": true
    },
    "spawinphone8": {
        "background_color": "336591ff",
        "bg_type": "one",
        "border_type": 0,
        "font_name": "Helvetica",
        "font_size": 142,
        "isForked": true
    },
    "tabrcandroid": {
        "background_color": "336591ff",
        "bg_type": "one",
        "font_name": "Helvetica",
        "font_size": 101,
        "isForked": true
    },
    "wType": "Button",
    "watchos": {
        "background_color": "336591ff",
        "bg_type": "one",
        "font_name": "Helvetica",
        "font_size": 61,
        "isForked": true
    },
    "windows8": {
        "background_color": "336591ff",
        "bg_type": "one",
        "font_name": "GenericMonospace",
        "font_size": 41,
        "isForked": true
    },
    "winphone8": {
        "background_color": "336591ff",
        "bg_type": "one",
        "font_name": "GenericMonospace",
        "font_size": 57,
        "isForked": true
    }
}