{
    "android": {
        "background_color": {
            "angle": 0,
            "colors": [
                "56a9ddff",
                "3a83a7ff",
                "4aa8d1ff"
            ],
            "cs": [
                0,
                50,
                100
            ],
            "gt": "linear"
        },
        "background_style": "linear",
        "bg_type": "ms_gradient",
        "font_name": "Helvetica",
        "isForked": true,
        "text_shadow": {
            "br": 0,
            "color": "000000ff",
            "x": 0,
            "y": -1
        }
    },
    "background_color": "00a6f7ff",
    "bg_type": "one",
    "border_color": "ffffffff",
    "border_style": "plain",
    "border_type": 0,
    "border_width": 0,
    "delinkedPltfrms": {
        "desktop": [
            "desktopweb"
        ],
        "mobile": [],
        "tablet": [],
        "watch": []
    },
    "desktopweb": {
        "background_color": "ffffff00",
        "bg_type": "one",
        "bottom_left_border_color": "ffffffff",
        "bottom_left_border_style": "plain",
        "bottom_left_border_width": 0,
        "bottom_right_border_color": "ffffffff",
        "bottom_right_border_style": "plain",
        "bottom_right_border_width": 0,
        "font_color": "336591ff",
        "font_name": "SourceSansPro-Regular",
        "font_size": 125,
        "font_weight": "normal",
        "isForked": true,
        "shadow": {
            "br": 0,
            "color": "000000ff",
            "inner": false,
            "nm": 0,
            "x": 0,
            "y": 0
        },
        "text_shadow": {
            "br": 0,
            "color": "000000ff",
            "nm": 0,
            "x": 0,
            "y": 0
        },
        "top_left_border_color": "ffffffff",
        "top_left_border_style": "plain",
        "top_left_border_width": 0,
        "top_right_border_color": "ffffffff",
        "top_right_border_style": "plain",
        "top_right_border_width": 0
    },
    "fontSizeInPx": true,
    "font_color": "ffffffff",
    "font_name": "Helvetica",
    "font_size": 148,
    "font_style": "normal",
    "font_weight": "normal",
    "ipad": {
        "background_color": {
            "angle": 0,
            "colors": [
                "56a9ddff",
                "3a83a7ff",
                "4aa8d1ff"
            ],
            "cs": [
                0,
                50,
                100
            ],
            "gt": "linear"
        },
        "background_style": "linear",
        "bg_type": "ms_gradient",
        "font_name": "Helvetica",
        "isForked": true,
        "text_shadow": {
            "br": 0,
            "color": "000000ff",
            "x": 0,
            "y": -1
        }
    },
    "iphone": {
        "background_color": {
            "angle": 0,
            "colors": [
                "56a9ddff",
                "3a83a7ff",
                "4aa8d1ff"
            ],
            "cs": [
                0,
                50,
                100
            ],
            "gt": "linear"
        },
        "background_style": "linear",
        "bg_type": "ms_gradient",
        "font_name": "Helvetica",
        "isForked": true,
        "text_shadow": {
            "br": 0,
            "color": "000000ff",
            "x": 0,
            "y": -1
        }
    },
    "isDefaultSkin": false,
    "kiosk": {
        "background_color": {
            "angle": 0,
            "colors": [
                "56a9ddff",
                "3a83a7ff",
                "4aa8d1ff"
            ],
            "cs": [
                0,
                50,
                100
            ],
            "gt": "linear"
        },
        "background_style": "linear",
        "bg_type": "ms_gradient",
        "font_name": "GenericMonospace",
        "isForked": true
    },
    "kuid": "s7fc7a5968394a5882dc2758c71a59a3",
    "spaan": {
        "background_color": {
            "angle": 0,
            "colors": [
                "56a9ddff",
                "3a83a7ff",
                "4aa8d1ff"
            ],
            "cs": [
                0,
                50,
                100
            ],
            "gt": "linear"
        },
        "background_style": "linear",
        "bg_type": "ms_gradient",
        "bottom_left_border_color": "ffffffff",
        "bottom_left_border_style": "plain",
        "bottom_left_border_width": 0,
        "bottom_right_border_color": "ffffffff",
        "bottom_right_border_style": "plain",
        "bottom_right_border_width": 0,
        "font_name": "SourceSansPro-Regular",
        "isForked": true,
        "shadow": {
            "br": 2,
            "color": "000000ff",
            "inner": false,
            "nm": 0,
            "x": 0,
            "y": 2
        },
        "text_shadow": {
            "br": 0,
            "color": "000000ff",
            "x": 0,
            "y": -1
        },
        "top_left_border_color": "ffffffff",
        "top_left_border_style": "plain",
        "top_left_border_width": 0,
        "top_right_border_color": "ffffffff",
        "top_right_border_style": "plain",
        "top_right_border_width": 0
    },
    "spaandroidtablet": {
        "background_color": {
            "angle": 0,
            "colors": [
                "56a9ddff",
                "3a83a7ff",
                "4aa8d1ff"
            ],
            "cs": [
                0,
                50,
                100
            ],
            "gt": "linear"
        },
        "background_style": "linear",
        "bg_type": "ms_gradient",
        "bottom_left_border_color": "ffffffff",
        "bottom_left_border_style": "plain",
        "bottom_left_border_width": 0,
        "bottom_right_border_color": "ffffffff",
        "bottom_right_border_style": "plain",
        "bottom_right_border_width": 0,
        "font_name": "SourceSansPro-Regular",
        "isForked": true,
        "shadow": {
            "br": 2,
            "color": "000000ff",
            "inner": false,
            "nm": 0,
            "x": 0,
            "y": 2
        },
        "text_shadow": {
            "br": 0,
            "color": "000000ff",
            "x": 0,
            "y": -1
        },
        "top_left_border_color": "ffffffff",
        "top_left_border_style": "plain",
        "top_left_border_width": 0,
        "top_right_border_color": "ffffffff",
        "top_right_border_style": "plain",
        "top_right_border_width": 0
    },
    "spaip": {
        "background_color": {
            "angle": 0,
            "colors": [
                "56a9ddff",
                "3a83a7ff",
                "4aa8d1ff"
            ],
            "cs": [
                0,
                50,
                100
            ],
            "gt": "linear"
        },
        "background_style": "linear",
        "bg_type": "ms_gradient",
        "bottom_left_border_color": "ffffffff",
        "bottom_left_border_style": "plain",
        "bottom_left_border_width": 0,
        "bottom_right_border_color": "ffffffff",
        "bottom_right_border_style": "plain",
        "bottom_right_border_width": 0,
        "font_name": "SourceSansPro-Regular",
        "isForked": true,
        "shadow": {
            "br": 2,
            "color": "000000ff",
            "inner": false,
            "nm": 0,
            "x": 0,
            "y": 2
        },
        "text_shadow": {
            "br": 0,
            "color": "000000ff",
            "x": 0,
            "y": -1
        },
        "top_left_border_color": "ffffffff",
        "top_left_border_style": "plain",
        "top_left_border_width": 0,
        "top_right_border_color": "ffffffff",
        "top_right_border_style": "plain",
        "top_right_border_width": 0
    },
    "spaipad": {
        "background_color": {
            "angle": 0,
            "colors": [
                "56a9ddff",
                "3a83a7ff",
                "4aa8d1ff"
            ],
            "cs": [
                0,
                50,
                100
            ],
            "gt": "linear"
        },
        "background_style": "linear",
        "bg_type": "ms_gradient",
        "bottom_left_border_color": "ffffffff",
        "bottom_left_border_style": "plain",
        "bottom_left_border_width": 0,
        "bottom_right_border_color": "ffffffff",
        "bottom_right_border_style": "plain",
        "bottom_right_border_width": 0,
        "font_name": "SourceSansPro-Regular",
        "isForked": true,
        "shadow": {
            "br": 2,
            "color": "000000ff",
            "inner": false,
            "nm": 0,
            "x": 0,
            "y": 2
        },
        "text_shadow": {
            "br": 0,
            "color": "000000ff",
            "x": 0,
            "y": -1
        },
        "top_left_border_color": "ffffffff",
        "top_left_border_style": "plain",
        "top_left_border_width": 0,
        "top_right_border_color": "ffffffff",
        "top_right_border_style": "plain",
        "top_right_border_width": 0
    },
    "spawindowstablet": {
        "background_color": {
            "angle": 0,
            "colors": [
                "56a9ddff",
                "3a83a7ff",
                "4aa8d1ff"
            ],
            "cs": [
                0,
                50,
                100
            ],
            "gt": "linear"
        },
        "background_style": "linear",
        "bg_type": "ms_gradient",
        "bottom_left_border_color": "ffffffff",
        "bottom_left_border_style": "plain",
        "bottom_left_border_width": 0,
        "bottom_right_border_color": "ffffffff",
        "bottom_right_border_style": "plain",
        "bottom_right_border_width": 0,
        "font_name": "Helvetica",
        "isForked": true,
        "shadow": {
            "br": 2,
            "color": "000000ff",
            "inner": false,
            "nm": 0,
            "x": 0,
            "y": 2
        },
        "text_shadow": {
            "br": 0,
            "color": "000000ff",
            "x": 0,
            "y": -1
        },
        "top_left_border_color": "ffffffff",
        "top_left_border_style": "plain",
        "top_left_border_width": 0,
        "top_right_border_color": "ffffffff",
        "top_right_border_style": "plain",
        "top_right_border_width": 0
    },
    "spawinphone8": {
        "background_color": {
            "angle": 0,
            "colors": [
                "56a9ddff",
                "3a83a7ff",
                "4aa8d1ff"
            ],
            "cs": [
                0,
                50,
                100
            ],
            "gt": "linear"
        },
        "background_style": "linear",
        "bg_type": "ms_gradient",
        "bottom_left_border_color": "ffffffff",
        "bottom_left_border_style": "plain",
        "bottom_left_border_width": 0,
        "bottom_right_border_color": "ffffffff",
        "bottom_right_border_style": "plain",
        "bottom_right_border_width": 0,
        "font_name": "Helvetica",
        "isForked": true,
        "shadow": {
            "br": 2,
            "color": "000000ff",
            "inner": false,
            "nm": 0,
            "x": 0,
            "y": 2
        },
        "text_shadow": {
            "br": 0,
            "color": "000000ff",
            "x": 0,
            "y": -1
        },
        "top_left_border_color": "ffffffff",
        "top_left_border_style": "plain",
        "top_left_border_width": 0,
        "top_right_border_color": "ffffffff",
        "top_right_border_style": "plain",
        "top_right_border_width": 0
    },
    "tabrcandroid": {
        "background_color": {
            "angle": 0,
            "colors": [
                "56a9ddff",
                "3a83a7ff",
                "4aa8d1ff"
            ],
            "cs": [
                0,
                50,
                100
            ],
            "gt": "linear"
        },
        "background_style": "linear",
        "bg_type": "ms_gradient",
        "font_name": "Helvetica",
        "isForked": true,
        "text_shadow": {
            "br": 0,
            "color": "000000ff",
            "x": 0,
            "y": -1
        }
    },
    "wType": "Button",
    "watchos": {
        "font_name": "Helvetica"
    },
    "windows8": {
        "background_color": {
            "angle": 0,
            "colors": [
                "56a9ddff",
                "3a83a7ff",
                "4aa8d1ff"
            ],
            "cs": [
                0,
                50,
                100
            ],
            "gt": "linear"
        },
        "background_style": "linear",
        "bg_type": "ms_gradient",
        "font_name": "GenericMonospace",
        "isForked": true
    },
    "winphone8": {
        "background_color": {
            "angle": 0,
            "colors": [
                "56a9ddff",
                "3a83a7ff",
                "4aa8d1ff"
            ],
            "cs": [
                0,
                50,
                100
            ],
            "gt": "linear"
        },
        "background_style": "linear",
        "bg_type": "ms_gradient",
        "font_name": "GenericMonospace",
        "isForked": true
    }
}