{
    "android": {
        "background_color": "ffffffff",
        "bg_type": "one",
        "font_color": "003e75ff",
        "font_size": 36,
        "isForked": true,
        "text_shadow": {
            "br": 0,
            "color": "000000ff",
            "nm": 0,
            "x": 0,
            "y": 0
        }
    },
    "androidwearos": {
        "font_color": "003e75ff",
        "isForked": true
    },
    "background_color": "00a6f7ff",
    "bg_type": "one",
    "border_color": "ffffffff",
    "border_style": "plain",
    "border_type": 0,
    "border_width": 0,
    "desktopweb": {
        "background_color": "ffffffff",
        "bg_type": "one",
        "border_type": 0,
        "bottom_left_border_color": "003e75ff",
        "bottom_left_border_radius": "3",
        "bottom_left_border_style": "rc",
        "bottom_left_border_width": "1",
        "bottom_right_border_color": "003e75ff",
        "bottom_right_border_radius": "3",
        "bottom_right_border_style": "rc",
        "bottom_right_border_width": "1",
        "font_color": "003e75ff",
        "font_name": "SourceSansPro-Regular",
        "font_size": 125,
        "isForked": true,
        "shadow": {
            "br": 0,
            "color": "000000ff",
            "inner": false,
            "nm": 0,
            "x": 0,
            "y": 0
        },
        "text_shadow": {
            "br": 0,
            "color": "000000ff",
            "nm": 0,
            "x": 0,
            "y": 0
        },
        "top_left_border_color": "003e75ff",
        "top_left_border_radius": "3",
        "top_left_border_style": "rc",
        "top_left_border_width": "1",
        "top_right_border_color": "003e75ff",
        "top_right_border_radius": "3",
        "top_right_border_style": "rc",
        "top_right_border_width": "1"
    },
    "fontSizeInPx": true,
    "font_color": "ffffffff",
    "font_name": "Helvetica",
    "font_size": 148,
    "font_style": "normal",
    "font_weight": "normal",
    "ipad": {
        "background_color": "ffffffff",
        "bg_type": "one",
        "font_color": "003e75ff",
        "font_size": 54,
        "isForked": true,
        "text_shadow": {
            "br": 0,
            "color": "000000ff",
            "nm": 0,
            "x": 0,
            "y": 0
        }
    },
    "iphone": {
        "background_color": "ffffffff",
        "bg_type": "one",
        "font_color": "003e75ff",
        "font_size": 54,
        "isForked": true,
        "text_shadow": {
            "br": 0,
            "color": "000000ff",
            "nm": 0,
            "x": 0,
            "y": 0
        }
    },
    "isDefaultSkin": false,
    "kiosk": {
        "font_color": "003e75ff",
        "isForked": true
    },
    "kuid": "sa611611b2f24e93bcfd09e1606c0d86",
    "spaan": {
        "background_color": "ffffffff",
        "bg_type": "one",
        "border_type": 0,
        "bottom_left_border_color": "003e75ff",
        "bottom_left_border_radius": "3",
        "bottom_left_border_style": "rc",
        "bottom_left_border_width": "1",
        "bottom_right_border_color": "003e75ff",
        "bottom_right_border_radius": "3",
        "bottom_right_border_style": "rc",
        "bottom_right_border_width": "1",
        "font_color": "003e75ff",
        "font_name": "SourceSansPro-Regular",
        "font_size": 125,
        "isForked": true,
        "shadow": {
            "br": 0,
            "color": "000000ff",
            "inner": false,
            "nm": 0,
            "x": 0,
            "y": 0
        },
        "text_shadow": {
            "br": 0,
            "color": "000000ff",
            "nm": 0,
            "x": 0,
            "y": 0
        },
        "top_left_border_color": "003e75ff",
        "top_left_border_radius": "3",
        "top_left_border_style": "rc",
        "top_left_border_width": "1",
        "top_right_border_color": "003e75ff",
        "top_right_border_radius": "3",
        "top_right_border_style": "rc",
        "top_right_border_width": "1"
    },
    "spaandroidtablet": {
        "background_color": "ffffffff",
        "bg_type": "one",
        "border_type": 0,
        "bottom_left_border_color": "003e75ff",
        "bottom_left_border_radius": "3",
        "bottom_left_border_style": "rc",
        "bottom_left_border_width": "1",
        "bottom_right_border_color": "003e75ff",
        "bottom_right_border_radius": "3",
        "bottom_right_border_style": "rc",
        "bottom_right_border_width": "1",
        "font_color": "003e75ff",
        "font_name": "SourceSansPro-Regular",
        "font_size": 125,
        "isForked": true,
        "shadow": {
            "br": 0,
            "color": "000000ff",
            "inner": false,
            "nm": 0,
            "x": 0,
            "y": 0
        },
        "text_shadow": {
            "br": 0,
            "color": "000000ff",
            "nm": 0,
            "x": 0,
            "y": 0
        },
        "top_left_border_color": "003e75ff",
        "top_left_border_radius": "3",
        "top_left_border_style": "rc",
        "top_left_border_width": "1",
        "top_right_border_color": "003e75ff",
        "top_right_border_radius": "3",
        "top_right_border_style": "rc",
        "top_right_border_width": "1"
    },
    "spaip": {
        "background_color": "ffffffff",
        "bg_type": "one",
        "border_type": 0,
        "bottom_left_border_color": "003e75ff",
        "bottom_left_border_radius": "3",
        "bottom_left_border_style": "rc",
        "bottom_left_border_width": "1",
        "bottom_right_border_color": "003e75ff",
        "bottom_right_border_radius": "3",
        "bottom_right_border_style": "rc",
        "bottom_right_border_width": "1",
        "font_color": "003e75ff",
        "font_name": "SourceSansPro-Regular",
        "font_size": 125,
        "isForked": true,
        "shadow": {
            "br": 0,
            "color": "000000ff",
            "inner": false,
            "nm": 0,
            "x": 0,
            "y": 0
        },
        "text_shadow": {
            "br": 0,
            "color": "000000ff",
            "nm": 0,
            "x": 0,
            "y": 0
        },
        "top_left_border_color": "003e75ff",
        "top_left_border_radius": "3",
        "top_left_border_style": "rc",
        "top_left_border_width": "1",
        "top_right_border_color": "003e75ff",
        "top_right_border_radius": "3",
        "top_right_border_style": "rc",
        "top_right_border_width": "1"
    },
    "spaipad": {
        "background_color": "ffffffff",
        "bg_type": "one",
        "border_type": 0,
        "bottom_left_border_color": "003e75ff",
        "bottom_left_border_radius": "3",
        "bottom_left_border_style": "rc",
        "bottom_left_border_width": "1",
        "bottom_right_border_color": "003e75ff",
        "bottom_right_border_radius": "3",
        "bottom_right_border_style": "rc",
        "bottom_right_border_width": "1",
        "font_color": "003e75ff",
        "font_name": "SourceSansPro-Regular",
        "font_size": 125,
        "isForked": true,
        "shadow": {
            "br": 0,
            "color": "000000ff",
            "inner": false,
            "nm": 0,
            "x": 0,
            "y": 0
        },
        "text_shadow": {
            "br": 0,
            "color": "000000ff",
            "nm": 0,
            "x": 0,
            "y": 0
        },
        "top_left_border_color": "003e75ff",
        "top_left_border_radius": "3",
        "top_left_border_style": "rc",
        "top_left_border_width": "1",
        "top_right_border_color": "003e75ff",
        "top_right_border_radius": "3",
        "top_right_border_style": "rc",
        "top_right_border_width": "1"
    },
    "spawindowstablet": {
        "background_color": "ffffffff",
        "bg_type": "one",
        "border_type": 0,
        "bottom_left_border_color": "003e75ff",
        "bottom_left_border_radius": "3",
        "bottom_left_border_style": "rc",
        "bottom_left_border_width": "1",
        "bottom_right_border_color": "003e75ff",
        "bottom_right_border_radius": "3",
        "bottom_right_border_style": "rc",
        "bottom_right_border_width": "1",
        "font_color": "003e75ff",
        "font_size": 125,
        "isForked": true,
        "shadow": {
            "br": 0,
            "color": "000000ff",
            "inner": false,
            "nm": 0,
            "x": 0,
            "y": 0
        },
        "text_shadow": {
            "br": 0,
            "color": "000000ff",
            "nm": 0,
            "x": 0,
            "y": 0
        },
        "top_left_border_color": "003e75ff",
        "top_left_border_radius": "3",
        "top_left_border_style": "rc",
        "top_left_border_width": "1",
        "top_right_border_color": "003e75ff",
        "top_right_border_radius": "3",
        "top_right_border_style": "rc",
        "top_right_border_width": "1"
    },
    "spawinphone8": {
        "background_color": "ffffffff",
        "bg_type": "one",
        "border_type": 0,
        "bottom_left_border_color": "003e75ff",
        "bottom_left_border_radius": "3",
        "bottom_left_border_style": "rc",
        "bottom_left_border_width": "1",
        "bottom_right_border_color": "003e75ff",
        "bottom_right_border_radius": "3",
        "bottom_right_border_style": "rc",
        "bottom_right_border_width": "1",
        "font_color": "003e75ff",
        "font_size": 125,
        "isForked": true,
        "shadow": {
            "br": 0,
            "color": "000000ff",
            "inner": false,
            "nm": 0,
            "x": 0,
            "y": 0
        },
        "text_shadow": {
            "br": 0,
            "color": "000000ff",
            "nm": 0,
            "x": 0,
            "y": 0
        },
        "top_left_border_color": "003e75ff",
        "top_left_border_radius": "3",
        "top_left_border_style": "rc",
        "top_left_border_width": "1",
        "top_right_border_color": "003e75ff",
        "top_right_border_radius": "3",
        "top_right_border_style": "rc",
        "top_right_border_width": "1"
    },
    "tabrcandroid": {
        "background_color": "ffffffff",
        "bg_type": "one",
        "font_color": "003e75ff",
        "font_size": 89,
        "isForked": true,
        "text_shadow": {
            "br": 0,
            "color": "000000ff",
            "nm": 0,
            "x": 0,
            "y": 0
        }
    },
    "wType": "Button",
    "watchos": {
        "background_color": "ffffffff",
        "bg_type": "one",
        "font_color": "003e75ff",
        "font_size": 54,
        "isForked": true
    },
    "windows8": {
        "background_color": "ffffffff",
        "bg_type": "one",
        "font_color": "003e75ff",
        "font_size": 37,
        "isForked": true
    },
    "winphone8": {
        "background_color": "ffffffff",
        "bg_type": "one",
        "font_color": "003e75ff",
        "font_size": 50,
        "isForked": true
    }
}