{
    "android": {
        "background_color": "ffffffff",
        "bg_type": "one",
        "isForked": true
    },
    "androidwearos": {
        "background_color": "ffffffff",
        "bg_type": "one",
        "isForked": true
    },
    "background_color": "e3e3e333",
    "bg_type": "one",
    "border_color": "72727233",
    "border_radius": 3,
    "border_style": "custom",
    "border_type": 0,
    "border_width": 1,
    "desktopweb": {
        "background_color": "ffffffff",
        "bg_type": "one",
        "border_type": 0,
        "bottom_left_border_color": "72727233",
        "bottom_left_border_radius": "3",
        "bottom_left_border_style": "rc",
        "bottom_left_border_width": 1,
        "bottom_right_border_color": "72727233",
        "bottom_right_border_radius": "3",
        "bottom_right_border_style": "rc",
        "bottom_right_border_width": 1,
        "customCSS": "background : #FFFFFF;\nfont-size : 12px;\nborder-radius: 2px;\nborder: 1px solid #e3e3e3;\n-webkit-border-radius : 3px;\ncursor:pointer !important;",
        "isCustomCSSEnabled": false,
        "isForked": true,
        "shadow": {
            "br": 0,
            "color": "000000",
            "inner": false,
            "nm": 0,
            "x": 0,
            "y": 0
        },
        "top_left_border_color": "72727233",
        "top_left_border_radius": "3",
        "top_left_border_style": "rc",
        "top_left_border_width": 1,
        "top_right_border_color": "72727233",
        "top_right_border_radius": "3",
        "top_right_border_style": "rc",
        "top_right_border_width": 1
    },
    "ipad": {
        "background_color": "ffffffff",
        "bg_type": "one",
        "isForked": true,
        "shadow": {
            "br": 0,
            "color": "000000",
            "inner": false,
            "nm": 0,
            "x": 0,
            "y": 0
        }
    },
    "iphone": {
        "background_color": "ffffffff",
        "bg_type": "one",
        "isForked": true,
        "shadow": {
            "br": 0,
            "color": "000000",
            "inner": false,
            "nm": 0,
            "x": 0,
            "y": 0
        }
    },
    "isDefaultSkin": false,
    "kiosk": {
        "background_color": "ffffffff",
        "bg_type": "one",
        "isForked": true
    },
    "kuid": "se15a2ce22274d8bafc3956d7d10af30",
    "spaan": {
        "background_color": "ffffffff",
        "bg_type": "one",
        "border_type": 0,
        "bottom_left_border_color": "72727233",
        "bottom_left_border_radius": "3",
        "bottom_left_border_style": "rc",
        "bottom_left_border_width": 1,
        "bottom_right_border_color": "72727233",
        "bottom_right_border_radius": "3",
        "bottom_right_border_style": "rc",
        "bottom_right_border_width": 1,
        "customCSS": "background : #FFFFFF;\nfont-size : 12px;\nborder-radius: 2px;\nborder: 1px solid #e3e3e3;\n-webkit-border-radius : 3px;\ncursor:pointer !important;",
        "isCustomCSSEnabled": false,
        "isForked": true,
        "shadow": {
            "br": 0,
            "color": "000000",
            "inner": false,
            "nm": 0,
            "x": 0,
            "y": 0
        },
        "top_left_border_color": "72727233",
        "top_left_border_radius": "3",
        "top_left_border_style": "rc",
        "top_left_border_width": 1,
        "top_right_border_color": "72727233",
        "top_right_border_radius": "3",
        "top_right_border_style": "rc",
        "top_right_border_width": 1
    },
    "spaandroidtablet": {
        "background_color": "ffffffff",
        "bg_type": "one",
        "border_type": 0,
        "bottom_left_border_color": "72727233",
        "bottom_left_border_radius": "3",
        "bottom_left_border_style": "rc",
        "bottom_left_border_width": 1,
        "bottom_right_border_color": "72727233",
        "bottom_right_border_radius": "3",
        "bottom_right_border_style": "rc",
        "bottom_right_border_width": 1,
        "customCSS": "background : #FFFFFF;\nfont-size : 12px;\nborder-radius: 2px;\nborder: 1px solid #e3e3e3;\n-webkit-border-radius : 3px;\ncursor:pointer !important;",
        "isCustomCSSEnabled": false,
        "isForked": true,
        "shadow": {
            "br": 0,
            "color": "000000",
            "inner": false,
            "nm": 0,
            "x": 0,
            "y": 0
        },
        "top_left_border_color": "72727233",
        "top_left_border_radius": "3",
        "top_left_border_style": "rc",
        "top_left_border_width": 1,
        "top_right_border_color": "72727233",
        "top_right_border_radius": "3",
        "top_right_border_style": "rc",
        "top_right_border_width": 1
    },
    "spaip": {
        "background_color": "ffffffff",
        "bg_type": "one",
        "border_type": 0,
        "bottom_left_border_color": "72727233",
        "bottom_left_border_radius": "3",
        "bottom_left_border_style": "rc",
        "bottom_left_border_width": 1,
        "bottom_right_border_color": "72727233",
        "bottom_right_border_radius": "3",
        "bottom_right_border_style": "rc",
        "bottom_right_border_width": 1,
        "customCSS": "background : #FFFFFF;\nfont-size : 12px;\nborder-radius: 2px;\nborder: 1px solid #e3e3e3;\n-webkit-border-radius : 3px;\ncursor:pointer !important;",
        "isCustomCSSEnabled": false,
        "isForked": true,
        "shadow": {
            "br": 0,
            "color": "000000",
            "inner": false,
            "nm": 0,
            "x": 0,
            "y": 0
        },
        "top_left_border_color": "72727233",
        "top_left_border_radius": "3",
        "top_left_border_style": "rc",
        "top_left_border_width": 1,
        "top_right_border_color": "72727233",
        "top_right_border_radius": "3",
        "top_right_border_style": "rc",
        "top_right_border_width": 1
    },
    "spaipad": {
        "background_color": "ffffffff",
        "bg_type": "one",
        "border_type": 0,
        "bottom_left_border_color": "72727233",
        "bottom_left_border_radius": "3",
        "bottom_left_border_style": "rc",
        "bottom_left_border_width": 1,
        "bottom_right_border_color": "72727233",
        "bottom_right_border_radius": "3",
        "bottom_right_border_style": "rc",
        "bottom_right_border_width": 1,
        "customCSS": "background : #FFFFFF;\nfont-size : 12px;\nborder-radius: 2px;\nborder: 1px solid #e3e3e3;\n-webkit-border-radius : 3px;\ncursor:pointer !important;",
        "isCustomCSSEnabled": false,
        "isForked": true,
        "shadow": {
            "br": 0,
            "color": "000000",
            "inner": false,
            "nm": 0,
            "x": 0,
            "y": 0
        },
        "top_left_border_color": "72727233",
        "top_left_border_radius": "3",
        "top_left_border_style": "rc",
        "top_left_border_width": 1,
        "top_right_border_color": "72727233",
        "top_right_border_radius": "3",
        "top_right_border_style": "rc",
        "top_right_border_width": 1
    },
    "spawindowstablet": {
        "background_color": "ffffffff",
        "bg_type": "one",
        "border_type": 0,
        "bottom_left_border_color": "72727233",
        "bottom_left_border_radius": "3",
        "bottom_left_border_style": "rc",
        "bottom_left_border_width": 1,
        "bottom_right_border_color": "72727233",
        "bottom_right_border_radius": "3",
        "bottom_right_border_style": "rc",
        "bottom_right_border_width": 1,
        "customCSS": "background : #FFFFFF;\nfont-size : 12px;\nborder-radius: 2px;\nborder: 1px solid #e3e3e3;\n-webkit-border-radius : 3px;\ncursor:pointer !important;",
        "isCustomCSSEnabled": false,
        "isForked": true,
        "shadow": {
            "br": 0,
            "color": "000000",
            "inner": false,
            "nm": 0,
            "x": 0,
            "y": 0
        },
        "top_left_border_color": "72727233",
        "top_left_border_radius": "3",
        "top_left_border_style": "rc",
        "top_left_border_width": 1,
        "top_right_border_color": "72727233",
        "top_right_border_radius": "3",
        "top_right_border_style": "rc",
        "top_right_border_width": 1
    },
    "spawinphone8": {
        "background_color": "ffffffff",
        "bg_type": "one",
        "border_type": 0,
        "bottom_left_border_color": "72727233",
        "bottom_left_border_radius": "3",
        "bottom_left_border_style": "rc",
        "bottom_left_border_width": 1,
        "bottom_right_border_color": "72727233",
        "bottom_right_border_radius": "3",
        "bottom_right_border_style": "rc",
        "bottom_right_border_width": 1,
        "customCSS": "background : #FFFFFF;\nfont-size : 12px;\nborder-radius: 2px;\nborder: 1px solid #e3e3e3;\n-webkit-border-radius : 3px;\ncursor:pointer !important;",
        "isCustomCSSEnabled": false,
        "isForked": true,
        "shadow": {
            "br": 0,
            "color": "000000",
            "inner": false,
            "nm": 0,
            "x": 0,
            "y": 0
        },
        "top_left_border_color": "72727233",
        "top_left_border_radius": "3",
        "top_left_border_style": "rc",
        "top_left_border_width": 1,
        "top_right_border_color": "72727233",
        "top_right_border_radius": "3",
        "top_right_border_style": "rc",
        "top_right_border_width": 1
    },
    "tabrcandroid": {
        "background_color": "ffffffff",
        "bg_type": "one",
        "isForked": true
    },
    "wType": "FlexContainer",
    "windows8": {
        "background_color": "ffffffff",
        "bg_type": "one",
        "isForked": true
    },
    "winphone8": {
        "background_color": "ffffffff",
        "bg_type": "one",
        "isForked": true
    }
}