{
    "background_color": "e3e3e333",
    "bg_type": "one",
    "border_color": "4176a4ff",
    "border_radius": 3,
    "border_style": "custom",
    "border_type": 0,
    "border_width": 1,
    "desktopweb": {
        "border_type": 0,
        "bottom_left_border_color": "4176a400",
        "bottom_left_border_style": "plain",
        "bottom_left_border_width": 1,
        "bottom_right_border_color": "4176a400",
        "bottom_right_border_style": "plain",
        "bottom_right_border_width": 1,
        "customCSS": "border: 1px solid #E3E3E3;\t\nborder-radius: 2px;\nbackground: #FFFFFF;\t\n-webkit-box-shadow: 0px 0px 10px 4px rgba(70,69,69,0.2);\n-moz-box-shadow: 0px 0px 10px 4px rgba(70,69,69,0.2);\nbox-shadow: 0px 0px 10px 4px rgba(70,69,69,0.2);\ncursor:pointer !important;",
        "isCustomCSSEnabled": true,
        "isForked": true,
        "shadow": {
            "br": 10,
            "color": "424242ff",
            "inner": false,
            "nm": 0,
            "x": 1,
            "y": 1
        },
        "top_left_border_color": "4176a400",
        "top_left_border_style": "plain",
        "top_left_border_width": 1,
        "top_right_border_color": "4176a400",
        "top_right_border_style": "plain",
        "top_right_border_width": 1
    },
    "ipad": {
        "isForked": true,
        "shadow": {
            "br": 10,
            "color": "424242ff",
            "inner": false,
            "nm": 0,
            "x": 1,
            "y": 1
        }
    },
    "iphone": {
        "isForked": true,
        "shadow": {
            "br": 10,
            "color": "424242ff",
            "inner": false,
            "nm": 0,
            "x": 1,
            "y": 1
        }
    },
    "isDefaultSkin": false,
    "kuid": "sf1574277292476397ab9eb9b65c1761",
    "spaan": {
        "border_type": 0,
        "bottom_left_border_color": "4176a400",
        "bottom_left_border_style": "plain",
        "bottom_left_border_width": 1,
        "bottom_right_border_color": "4176a400",
        "bottom_right_border_style": "plain",
        "bottom_right_border_width": 1,
        "customCSS": "border: 1px solid #E3E3E3;\t\nborder-radius: 2px;\nbackground: #FFFFFF;\t\n-webkit-box-shadow: 0px 0px 10px 4px rgba(70,69,69,0.2);\n-moz-box-shadow: 0px 0px 10px 4px rgba(70,69,69,0.2);\nbox-shadow: 0px 0px 10px 4px rgba(70,69,69,0.2);\ncursor:pointer !important;",
        "isCustomCSSEnabled": true,
        "isForked": true,
        "shadow": {
            "br": 10,
            "color": "424242ff",
            "inner": false,
            "nm": 0,
            "x": 1,
            "y": 1
        },
        "top_left_border_color": "4176a400",
        "top_left_border_style": "plain",
        "top_left_border_width": 1,
        "top_right_border_color": "4176a400",
        "top_right_border_style": "plain",
        "top_right_border_width": 1
    },
    "spaandroidtablet": {
        "border_type": 0,
        "bottom_left_border_color": "4176a400",
        "bottom_left_border_style": "plain",
        "bottom_left_border_width": 1,
        "bottom_right_border_color": "4176a400",
        "bottom_right_border_style": "plain",
        "bottom_right_border_width": 1,
        "customCSS": "border: 1px solid #E3E3E3;\t\nborder-radius: 2px;\nbackground: #FFFFFF;\t\n-webkit-box-shadow: 0px 0px 10px 4px rgba(70,69,69,0.2);\n-moz-box-shadow: 0px 0px 10px 4px rgba(70,69,69,0.2);\nbox-shadow: 0px 0px 10px 4px rgba(70,69,69,0.2);\ncursor:pointer !important;",
        "isCustomCSSEnabled": true,
        "isForked": true,
        "shadow": {
            "br": 10,
            "color": "424242ff",
            "inner": false,
            "nm": 0,
            "x": 1,
            "y": 1
        },
        "top_left_border_color": "4176a400",
        "top_left_border_style": "plain",
        "top_left_border_width": 1,
        "top_right_border_color": "4176a400",
        "top_right_border_style": "plain",
        "top_right_border_width": 1
    },
    "spaip": {
        "border_type": 0,
        "bottom_left_border_color": "4176a400",
        "bottom_left_border_style": "plain",
        "bottom_left_border_width": 1,
        "bottom_right_border_color": "4176a400",
        "bottom_right_border_style": "plain",
        "bottom_right_border_width": 1,
        "customCSS": "border: 1px solid #E3E3E3;\t\nborder-radius: 2px;\nbackground: #FFFFFF;\t\n-webkit-box-shadow: 0px 0px 10px 4px rgba(70,69,69,0.2);\n-moz-box-shadow: 0px 0px 10px 4px rgba(70,69,69,0.2);\nbox-shadow: 0px 0px 10px 4px rgba(70,69,69,0.2);\ncursor:pointer !important;",
        "isCustomCSSEnabled": true,
        "isForked": true,
        "shadow": {
            "br": 10,
            "color": "424242ff",
            "inner": false,
            "nm": 0,
            "x": 1,
            "y": 1
        },
        "top_left_border_color": "4176a400",
        "top_left_border_style": "plain",
        "top_left_border_width": 1,
        "top_right_border_color": "4176a400",
        "top_right_border_style": "plain",
        "top_right_border_width": 1
    },
    "spaipad": {
        "border_type": 0,
        "bottom_left_border_color": "4176a400",
        "bottom_left_border_style": "plain",
        "bottom_left_border_width": 1,
        "bottom_right_border_color": "4176a400",
        "bottom_right_border_style": "plain",
        "bottom_right_border_width": 1,
        "customCSS": "border: 1px solid #E3E3E3;\t\nborder-radius: 2px;\nbackground: #FFFFFF;\t\n-webkit-box-shadow: 0px 0px 10px 4px rgba(70,69,69,0.2);\n-moz-box-shadow: 0px 0px 10px 4px rgba(70,69,69,0.2);\nbox-shadow: 0px 0px 10px 4px rgba(70,69,69,0.2);\ncursor:pointer !important;",
        "isCustomCSSEnabled": true,
        "isForked": true,
        "shadow": {
            "br": 10,
            "color": "424242ff",
            "inner": false,
            "nm": 0,
            "x": 1,
            "y": 1
        },
        "top_left_border_color": "4176a400",
        "top_left_border_style": "plain",
        "top_left_border_width": 1,
        "top_right_border_color": "4176a400",
        "top_right_border_style": "plain",
        "top_right_border_width": 1
    },
    "spawindowstablet": {
        "border_type": 0,
        "bottom_left_border_color": "4176a400",
        "bottom_left_border_style": "plain",
        "bottom_left_border_width": 1,
        "bottom_right_border_color": "4176a400",
        "bottom_right_border_style": "plain",
        "bottom_right_border_width": 1,
        "customCSS": "border: 1px solid #E3E3E3;\t\nborder-radius: 2px;\nbackground: #FFFFFF;\t\n-webkit-box-shadow: 0px 0px 10px 4px rgba(70,69,69,0.2);\n-moz-box-shadow: 0px 0px 10px 4px rgba(70,69,69,0.2);\nbox-shadow: 0px 0px 10px 4px rgba(70,69,69,0.2);\ncursor:pointer !important;",
        "isCustomCSSEnabled": true,
        "isForked": true,
        "shadow": {
            "br": 10,
            "color": "424242ff",
            "inner": false,
            "nm": 0,
            "x": 1,
            "y": 1
        },
        "top_left_border_color": "4176a400",
        "top_left_border_style": "plain",
        "top_left_border_width": 1,
        "top_right_border_color": "4176a400",
        "top_right_border_style": "plain",
        "top_right_border_width": 1
    },
    "spawinphone8": {
        "border_type": 0,
        "bottom_left_border_color": "4176a400",
        "bottom_left_border_style": "plain",
        "bottom_left_border_width": 1,
        "bottom_right_border_color": "4176a400",
        "bottom_right_border_style": "plain",
        "bottom_right_border_width": 1,
        "customCSS": "border: 1px solid #E3E3E3;\t\nborder-radius: 2px;\nbackground: #FFFFFF;\t\n-webkit-box-shadow: 0px 0px 10px 4px rgba(70,69,69,0.2);\n-moz-box-shadow: 0px 0px 10px 4px rgba(70,69,69,0.2);\nbox-shadow: 0px 0px 10px 4px rgba(70,69,69,0.2);\ncursor:pointer !important;",
        "isCustomCSSEnabled": true,
        "isForked": true,
        "shadow": {
            "br": 10,
            "color": "424242ff",
            "inner": false,
            "nm": 0,
            "x": 1,
            "y": 1
        },
        "top_left_border_color": "4176a400",
        "top_left_border_style": "plain",
        "top_left_border_width": 1,
        "top_right_border_color": "4176a400",
        "top_right_border_style": "plain",
        "top_right_border_width": 1
    },
    "wType": "FlexContainer"
}