{
    "android": {
        "font_name": "Helvetica",
        "font_size": 48,
        "isForked": false
    },
    "androidwearos": {
        "font_name": "Helvetica"
    },
    "background_color": "00000000",
    "bg_type": "one",
    "border_color": "424242ff",
    "border_style": "plain",
    "border_type": 0,
    "border_width": 0,
    "desktopweb": {
        "font_name": "olb_fonts_icon_new",
        "font_size": 167,
        "isForked": false
    },
    "fontSizeInPx": true,
    "font_color": "727272ff",
    "font_name": "Helvetica",
    "font_size": 167,
    "font_style": "normal",
    "font_weight": "normal",
    "ipad": {
        "font_name": "Helvetica",
        "font_size": 71,
        "isForked": false
    },
    "iphone": {
        "font_name": "Helvetica",
        "font_size": 71,
        "isForked": false
    },
    "isDefaultSkin": false,
    "kiosk": {
        "font_name": "None",
        "font_size": 125,
        "isForked": false
    },
    "kuid": "sb0cdd43d5914955a8fa34fae9db9398",
    "spaan": {
        "font_name": "Helvetica",
        "font_size": 167,
        "isForked": false
    },
    "spaandroidtablet": {
        "font_name": "Helvetica",
        "font_size": 167,
        "isForked": false
    },
    "spaip": {
        "font_name": "Helvetica",
        "font_size": 167,
        "isForked": false
    },
    "spaipad": {
        "font_name": "Helvetica",
        "font_size": 167,
        "isForked": false
    },
    "spawindowstablet": {
        "font_name": "Helvetica",
        "font_size": 167,
        "isForked": false
    },
    "spawinphone8": {
        "font_name": "Helvetica",
        "font_size": 167,
        "isForked": false
    },
    "tabrcandroid": {
        "font_name": "Helvetica",
        "font_size": 119,
        "isForked": false
    },
    "wType": "Label",
    "watchos": {
        "font_name": "Helvetica",
        "font_size": 71,
        "isForked": false
    },
    "windows8": {
        "font_name": "None",
        "font_size": 49,
        "isForked": false
    },
    "winphone8": {
        "font_name": "None",
        "font_size": 67,
        "isForked": false
    }
}