{
    "android": {
        "background_color": "ffffffff",
        "bg_type": "one",
        "isForked": true
    },
    "background_color": "f8f7f8ff",
    "bg_type": "one",
    "border_color": "f8f7f8ff",
    "border_radius": 3,
    "border_style": "custom",
    "border_type": 0,
    "border_width": 1,
    "desktopweb": {
        "background_color": "ffffffff",
        "bg_type": "one",
        "border_type": 0,
        "bottom_left_border_color": "ffffffff",
        "bottom_left_border_radius": "3",
        "bottom_left_border_style": "rc",
        "bottom_left_border_width": 1,
        "bottom_right_border_color": "ffffffff",
        "bottom_right_border_radius": "3",
        "bottom_right_border_style": "rc",
        "bottom_right_border_width": 1,
        "isForked": true,
        "shadow": {
            "br": 2,
            "color": "e3e3e3ff",
            "inner": false,
            "nm": 0,
            "x": 1,
            "y": 1
        },
        "top_left_border_color": "ffffffff",
        "top_left_border_radius": "3",
        "top_left_border_style": "rc",
        "top_left_border_width": 1,
        "top_right_border_color": "ffffffff",
        "top_right_border_radius": "3",
        "top_right_border_style": "rc",
        "top_right_border_width": 1
    },
    "ipad": {
        "background_color": "ffffffff",
        "bg_type": "one",
        "isForked": true,
        "shadow": {
            "br": 2,
            "color": "e3e3e3ff",
            "inner": false,
            "nm": 0,
            "x": 1,
            "y": 1
        }
    },
    "iphone": {
        "background_color": "ffffffff",
        "bg_type": "one",
        "isForked": true,
        "shadow": {
            "br": 2,
            "color": "e3e3e3ff",
            "inner": false,
            "nm": 0,
            "x": 1,
            "y": 1
        }
    },
    "isDefaultSkin": false,
    "kiosk": {
        "background_color": "ffffffff",
        "bg_type": "one",
        "isForked": true
    },
    "kuid": "sc1d307cbd5b498e90095d4e8f344347",
    "spaan": {
        "background_color": "ffffffff",
        "bg_type": "one",
        "border_type": 0,
        "bottom_left_border_color": "ffffffff",
        "bottom_left_border_radius": "3",
        "bottom_left_border_style": "rc",
        "bottom_left_border_width": 1,
        "bottom_right_border_color": "ffffffff",
        "bottom_right_border_radius": "3",
        "bottom_right_border_style": "rc",
        "bottom_right_border_width": 1,
        "isForked": true,
        "shadow": {
            "br": 2,
            "color": "e3e3e3ff",
            "inner": false,
            "nm": 0,
            "x": 1,
            "y": 1
        },
        "top_left_border_color": "ffffffff",
        "top_left_border_radius": "3",
        "top_left_border_style": "rc",
        "top_left_border_width": 1,
        "top_right_border_color": "ffffffff",
        "top_right_border_radius": "3",
        "top_right_border_style": "rc",
        "top_right_border_width": 1
    },
    "spaandroidtablet": {
        "background_color": "ffffffff",
        "bg_type": "one",
        "border_type": 0,
        "bottom_left_border_color": "ffffffff",
        "bottom_left_border_radius": "3",
        "bottom_left_border_style": "rc",
        "bottom_left_border_width": 1,
        "bottom_right_border_color": "ffffffff",
        "bottom_right_border_radius": "3",
        "bottom_right_border_style": "rc",
        "bottom_right_border_width": 1,
        "isForked": true,
        "shadow": {
            "br": 2,
            "color": "e3e3e3ff",
            "inner": false,
            "nm": 0,
            "x": 1,
            "y": 1
        },
        "top_left_border_color": "ffffffff",
        "top_left_border_radius": "3",
        "top_left_border_style": "rc",
        "top_left_border_width": 1,
        "top_right_border_color": "ffffffff",
        "top_right_border_radius": "3",
        "top_right_border_style": "rc",
        "top_right_border_width": 1
    },
    "spaip": {
        "background_color": "ffffffff",
        "bg_type": "one",
        "border_type": 0,
        "bottom_left_border_color": "ffffffff",
        "bottom_left_border_radius": "3",
        "bottom_left_border_style": "rc",
        "bottom_left_border_width": 1,
        "bottom_right_border_color": "ffffffff",
        "bottom_right_border_radius": "3",
        "bottom_right_border_style": "rc",
        "bottom_right_border_width": 1,
        "isForked": true,
        "shadow": {
            "br": 2,
            "color": "e3e3e3ff",
            "inner": false,
            "nm": 0,
            "x": 1,
            "y": 1
        },
        "top_left_border_color": "ffffffff",
        "top_left_border_radius": "3",
        "top_left_border_style": "rc",
        "top_left_border_width": 1,
        "top_right_border_color": "ffffffff",
        "top_right_border_radius": "3",
        "top_right_border_style": "rc",
        "top_right_border_width": 1
    },
    "spaipad": {
        "background_color": "ffffffff",
        "bg_type": "one",
        "border_type": 0,
        "bottom_left_border_color": "ffffffff",
        "bottom_left_border_radius": "3",
        "bottom_left_border_style": "rc",
        "bottom_left_border_width": 1,
        "bottom_right_border_color": "ffffffff",
        "bottom_right_border_radius": "3",
        "bottom_right_border_style": "rc",
        "bottom_right_border_width": 1,
        "isForked": true,
        "shadow": {
            "br": 2,
            "color": "e3e3e3ff",
            "inner": false,
            "nm": 0,
            "x": 1,
            "y": 1
        },
        "top_left_border_color": "ffffffff",
        "top_left_border_radius": "3",
        "top_left_border_style": "rc",
        "top_left_border_width": 1,
        "top_right_border_color": "ffffffff",
        "top_right_border_radius": "3",
        "top_right_border_style": "rc",
        "top_right_border_width": 1
    },
    "spawindowstablet": {
        "background_color": "ffffffff",
        "bg_type": "one",
        "border_type": 0,
        "bottom_left_border_color": "ffffffff",
        "bottom_left_border_radius": "3",
        "bottom_left_border_style": "rc",
        "bottom_left_border_width": 1,
        "bottom_right_border_color": "ffffffff",
        "bottom_right_border_radius": "3",
        "bottom_right_border_style": "rc",
        "bottom_right_border_width": 1,
        "isForked": true,
        "shadow": {
            "br": 2,
            "color": "e3e3e3ff",
            "inner": false,
            "nm": 0,
            "x": 1,
            "y": 1
        },
        "top_left_border_color": "ffffffff",
        "top_left_border_radius": "3",
        "top_left_border_style": "rc",
        "top_left_border_width": 1,
        "top_right_border_color": "ffffffff",
        "top_right_border_radius": "3",
        "top_right_border_style": "rc",
        "top_right_border_width": 1
    },
    "spawinphone8": {
        "background_color": "ffffffff",
        "bg_type": "one",
        "border_type": 0,
        "bottom_left_border_color": "ffffffff",
        "bottom_left_border_radius": "3",
        "bottom_left_border_style": "rc",
        "bottom_left_border_width": 1,
        "bottom_right_border_color": "ffffffff",
        "bottom_right_border_radius": "3",
        "bottom_right_border_style": "rc",
        "bottom_right_border_width": 1,
        "isForked": true,
        "shadow": {
            "br": 2,
            "color": "e3e3e3ff",
            "inner": false,
            "nm": 0,
            "x": 1,
            "y": 1
        },
        "top_left_border_color": "ffffffff",
        "top_left_border_radius": "3",
        "top_left_border_style": "rc",
        "top_left_border_width": 1,
        "top_right_border_color": "ffffffff",
        "top_right_border_radius": "3",
        "top_right_border_style": "rc",
        "top_right_border_width": 1
    },
    "tabrcandroid": {
        "background_color": "ffffffff",
        "bg_type": "one",
        "isForked": true
    },
    "wType": "FlexContainer",
    "windows8": {
        "background_color": "ffffffff",
        "bg_type": "one",
        "isForked": true
    },
    "winphone8": {
        "background_color": "ffffffff",
        "bg_type": "one",
        "isForked": true
    }
}