{
    "android": {
        "background_color": "ffa50033",
        "bg_type": "one",
        "isForked": true
    },
    "background_color": "9060b733",
    "bg_type": "one",
    "border_color": "000000ff",
    "border_style": "plain",
    "border_type": 0,
    "border_width": 0,
    "desktopweb": {
        "background_color": "ffa50033",
        "bg_type": "one",
        "border_type": 0,
        "bottom_left_border_color": "000000ff",
        "bottom_left_border_style": "plain",
        "bottom_left_border_width": 0,
        "bottom_right_border_color": "ffa50033",
        "bottom_right_border_radius": "3",
        "bottom_right_border_style": "rc",
        "bottom_right_border_width": "1",
        "customCSS": "cursor:pointer !important;\nborder-top: 1px solid rgba(244,186,34,0.2);\nborder-right: 1px solid rgba(244,186,34,0.2);\nborder-bottom: 1px solid rgba(244,186,34,0.2);\n-moz-border-radius-topright: 3px;\nborder-top-right-radius: 3px;\n-webkit-border-top-right-radius: 3px;\n-moz-border-radius-bottomright: 3px;\t\nborder-bottom-right-radius: 3px;\n-webkit-border-bottom-right-radius: 3px;\ncolor: #000000;\nbackground-color : rgba(244,186,34,0.2);",
        "isCustomCSSEnabled": true,
        "isForked": true,
        "top_left_border_color": "ffa50033",
        "top_left_border_style": "plain",
        "top_left_border_width": "1",
        "top_right_border_color": "ffa50033",
        "top_right_border_radius": "3",
        "top_right_border_style": "rc",
        "top_right_border_width": "1"
    },
    "ipad": {
        "background_color": "ffa50033",
        "bg_type": "one",
        "isForked": true
    },
    "iphone": {
        "background_color": "ffa50033",
        "bg_type": "one",
        "isForked": true
    },
    "isDefaultSkin": false,
    "kiosk": {
        "background_color": "ffa50033",
        "bg_type": "one",
        "isForked": true
    },
    "kuid": "sf6b46de01f84ab98e7ae47990b81242",
    "spaan": {
        "background_color": "ffa50033",
        "bg_type": "one",
        "border_type": 0,
        "bottom_left_border_color": "000000ff",
        "bottom_left_border_style": "plain",
        "bottom_left_border_width": 0,
        "bottom_right_border_color": "ffa50033",
        "bottom_right_border_radius": "3",
        "bottom_right_border_style": "rc",
        "bottom_right_border_width": "1",
        "customCSS": "cursor:pointer !important;\nborder-top: 1px solid rgba(244,186,34,0.2);\nborder-right: 1px solid rgba(244,186,34,0.2);\nborder-bottom: 1px solid rgba(244,186,34,0.2);\n-moz-border-radius-topright: 3px;\nborder-top-right-radius: 3px;\n-webkit-border-top-right-radius: 3px;\n-moz-border-radius-bottomright: 3px;\t\nborder-bottom-right-radius: 3px;\n-webkit-border-bottom-right-radius: 3px;\ncolor: #000000;\nbackground-color : rgba(244,186,34,0.2);",
        "isCustomCSSEnabled": true,
        "isForked": true,
        "top_left_border_color": "ffa50033",
        "top_left_border_style": "plain",
        "top_left_border_width": "1",
        "top_right_border_color": "ffa50033",
        "top_right_border_radius": "3",
        "top_right_border_style": "rc",
        "top_right_border_width": "1"
    },
    "spaandroidtablet": {
        "background_color": "ffa50033",
        "bg_type": "one",
        "border_type": 0,
        "bottom_left_border_color": "000000ff",
        "bottom_left_border_style": "plain",
        "bottom_left_border_width": 0,
        "bottom_right_border_color": "ffa50033",
        "bottom_right_border_radius": "3",
        "bottom_right_border_style": "rc",
        "bottom_right_border_width": "1",
        "customCSS": "cursor:pointer !important;\nborder-top: 1px solid rgba(244,186,34,0.2);\nborder-right: 1px solid rgba(244,186,34,0.2);\nborder-bottom: 1px solid rgba(244,186,34,0.2);\n-moz-border-radius-topright: 3px;\nborder-top-right-radius: 3px;\n-webkit-border-top-right-radius: 3px;\n-moz-border-radius-bottomright: 3px;\t\nborder-bottom-right-radius: 3px;\n-webkit-border-bottom-right-radius: 3px;\ncolor: #000000;\nbackground-color : rgba(244,186,34,0.2);",
        "isCustomCSSEnabled": true,
        "isForked": true,
        "top_left_border_color": "ffa50033",
        "top_left_border_style": "plain",
        "top_left_border_width": "1",
        "top_right_border_color": "ffa50033",
        "top_right_border_radius": "3",
        "top_right_border_style": "rc",
        "top_right_border_width": "1"
    },
    "spaip": {
        "background_color": "ffa50033",
        "bg_type": "one",
        "border_type": 0,
        "bottom_left_border_color": "000000ff",
        "bottom_left_border_style": "plain",
        "bottom_left_border_width": 0,
        "bottom_right_border_color": "ffa50033",
        "bottom_right_border_radius": "3",
        "bottom_right_border_style": "rc",
        "bottom_right_border_width": "1",
        "customCSS": "cursor:pointer !important;\nborder-top: 1px solid rgba(244,186,34,0.2);\nborder-right: 1px solid rgba(244,186,34,0.2);\nborder-bottom: 1px solid rgba(244,186,34,0.2);\n-moz-border-radius-topright: 3px;\nborder-top-right-radius: 3px;\n-webkit-border-top-right-radius: 3px;\n-moz-border-radius-bottomright: 3px;\t\nborder-bottom-right-radius: 3px;\n-webkit-border-bottom-right-radius: 3px;\ncolor: #000000;\nbackground-color : rgba(244,186,34,0.2);",
        "isCustomCSSEnabled": true,
        "isForked": true,
        "top_left_border_color": "ffa50033",
        "top_left_border_style": "plain",
        "top_left_border_width": "1",
        "top_right_border_color": "ffa50033",
        "top_right_border_radius": "3",
        "top_right_border_style": "rc",
        "top_right_border_width": "1"
    },
    "spaipad": {
        "background_color": "ffa50033",
        "bg_type": "one",
        "border_type": 0,
        "bottom_left_border_color": "000000ff",
        "bottom_left_border_style": "plain",
        "bottom_left_border_width": 0,
        "bottom_right_border_color": "ffa50033",
        "bottom_right_border_radius": "3",
        "bottom_right_border_style": "rc",
        "bottom_right_border_width": "1",
        "customCSS": "cursor:pointer !important;\nborder-top: 1px solid rgba(244,186,34,0.2);\nborder-right: 1px solid rgba(244,186,34,0.2);\nborder-bottom: 1px solid rgba(244,186,34,0.2);\n-moz-border-radius-topright: 3px;\nborder-top-right-radius: 3px;\n-webkit-border-top-right-radius: 3px;\n-moz-border-radius-bottomright: 3px;\t\nborder-bottom-right-radius: 3px;\n-webkit-border-bottom-right-radius: 3px;\ncolor: #000000;\nbackground-color : rgba(244,186,34,0.2);",
        "isCustomCSSEnabled": true,
        "isForked": true,
        "top_left_border_color": "ffa50033",
        "top_left_border_style": "plain",
        "top_left_border_width": "1",
        "top_right_border_color": "ffa50033",
        "top_right_border_radius": "3",
        "top_right_border_style": "rc",
        "top_right_border_width": "1"
    },
    "spawindowstablet": {
        "background_color": "ffa50033",
        "bg_type": "one",
        "border_type": 0,
        "bottom_left_border_color": "000000ff",
        "bottom_left_border_style": "plain",
        "bottom_left_border_width": 0,
        "bottom_right_border_color": "ffa50033",
        "bottom_right_border_radius": "3",
        "bottom_right_border_style": "rc",
        "bottom_right_border_width": "1",
        "customCSS": "cursor:pointer !important;\nborder-top: 1px solid rgba(244,186,34,0.2);\nborder-right: 1px solid rgba(244,186,34,0.2);\nborder-bottom: 1px solid rgba(244,186,34,0.2);\n-moz-border-radius-topright: 3px;\nborder-top-right-radius: 3px;\n-webkit-border-top-right-radius: 3px;\n-moz-border-radius-bottomright: 3px;\t\nborder-bottom-right-radius: 3px;\n-webkit-border-bottom-right-radius: 3px;\ncolor: #000000;\nbackground-color : rgba(244,186,34,0.2);",
        "isCustomCSSEnabled": true,
        "isForked": true,
        "top_left_border_color": "ffa50033",
        "top_left_border_style": "plain",
        "top_left_border_width": "1",
        "top_right_border_color": "ffa50033",
        "top_right_border_radius": "3",
        "top_right_border_style": "rc",
        "top_right_border_width": "1"
    },
    "spawinphone8": {
        "background_color": "ffa50033",
        "bg_type": "one",
        "border_type": 0,
        "bottom_left_border_color": "000000ff",
        "bottom_left_border_style": "plain",
        "bottom_left_border_width": 0,
        "bottom_right_border_color": "ffa50033",
        "bottom_right_border_radius": "3",
        "bottom_right_border_style": "rc",
        "bottom_right_border_width": "1",
        "customCSS": "cursor:pointer !important;\nborder-top: 1px solid rgba(244,186,34,0.2);\nborder-right: 1px solid rgba(244,186,34,0.2);\nborder-bottom: 1px solid rgba(244,186,34,0.2);\n-moz-border-radius-topright: 3px;\nborder-top-right-radius: 3px;\n-webkit-border-top-right-radius: 3px;\n-moz-border-radius-bottomright: 3px;\t\nborder-bottom-right-radius: 3px;\n-webkit-border-bottom-right-radius: 3px;\ncolor: #000000;\nbackground-color : rgba(244,186,34,0.2);",
        "isCustomCSSEnabled": true,
        "isForked": true,
        "top_left_border_color": "ffa50033",
        "top_left_border_style": "plain",
        "top_left_border_width": "1",
        "top_right_border_color": "ffa50033",
        "top_right_border_radius": "3",
        "top_right_border_style": "rc",
        "top_right_border_width": "1"
    },
    "tabrcandroid": {
        "background_color": "ffa50033",
        "bg_type": "one",
        "isForked": true
    },
    "wType": "FlexContainer",
    "windows8": {
        "background_color": "ffa50033",
        "bg_type": "one",
        "isForked": true
    },
    "winphone8": {
        "background_color": "ffa50033",
        "bg_type": "one",
        "isForked": true
    }
}