{
    "android": {
        "background_color": {
            "angle": 270,
            "colors": [
                "0000004d",
                "0000004d",
                "ffffffff"
            ],
            "cs": [
                0,
                1,
                79
            ],
            "gradientType": "toLeft",
            "gt": "linear"
        },
        "background_style": "linear",
        "bg_type": "ms_gradient",
        "isForked": true
    },
    "androidwearos": {
        "background_color": {
            "angle": 270,
            "colors": [
                "0000004d",
                "0000004d",
                "ffffffff"
            ],
            "cs": [
                0,
                1,
                79
            ],
            "gradientType": "toLeft",
            "gt": "linear"
        },
        "background_style": "linear",
        "bg_type": "ms_gradient",
        "isForked": true
    },
    "background_gradient_bottom_color": "ffffff00",
    "background_gradient_top_color": "0000001a",
    "background_style": "vg",
    "bg_type": "two",
    "border_color": "000000ff",
    "border_style": "plain",
    "border_type": 0,
    "border_width": 0,
    "desktopweb": {
        "background_color": {
            "angle": 270,
            "colors": [
                "0000004d",
                "0000004d",
                "ffffffff"
            ],
            "cs": [
                0,
                1,
                79
            ],
            "gradientType": "toLeft",
            "gt": "linear"
        },
        "background_style": "linear",
        "bg_type": "ms_gradient",
        "bottom_left_border_color": "000000ff",
        "bottom_left_border_style": "plain",
        "bottom_left_border_width": 0,
        "bottom_right_border_color": "000000ff",
        "bottom_right_border_style": "plain",
        "bottom_right_border_width": 0,
        "isForked": true,
        "shadow": {
            "br": 0,
            "color": "f8f7f8ff",
            "inner": false,
            "nm": 0,
            "x": 0,
            "y": 0
        },
        "top_left_border_color": "000000ff",
        "top_left_border_style": "plain",
        "top_left_border_width": 0,
        "top_right_border_color": "000000ff",
        "top_right_border_style": "plain",
        "top_right_border_width": 0
    },
    "ipad": {
        "background_color": {
            "angle": 270,
            "colors": [
                "0000004d",
                "0000004d",
                "ffffffff"
            ],
            "cs": [
                0,
                1,
                79
            ],
            "gradientType": "toLeft",
            "gt": "linear"
        },
        "background_style": "linear",
        "bg_type": "ms_gradient",
        "isForked": true,
        "shadow": {
            "br": 0,
            "color": "f8f7f8ff",
            "inner": false,
            "nm": 0,
            "x": 0,
            "y": 0
        }
    },
    "iphone": {
        "background_color": {
            "angle": 270,
            "colors": [
                "0000004d",
                "0000004d",
                "ffffffff"
            ],
            "cs": [
                0,
                1,
                79
            ],
            "gradientType": "toLeft",
            "gt": "linear"
        },
        "background_style": "linear",
        "bg_type": "ms_gradient",
        "isForked": true,
        "shadow": {
            "br": 0,
            "color": "f8f7f8ff",
            "inner": false,
            "nm": 0,
            "x": 0,
            "y": 0
        }
    },
    "isDefaultSkin": false,
    "kiosk": {
        "background_color": {
            "angle": 270,
            "colors": [
                "0000004d",
                "0000004d",
                "ffffffff"
            ],
            "cs": [
                0,
                1,
                79
            ],
            "gradientType": "toLeft",
            "gt": "linear"
        },
        "background_style": "linear",
        "bg_type": "ms_gradient",
        "isForked": true
    },
    "kuid": "s30a2d776af84acc8af5f698e74d365c",
    "spaan": {
        "background_color": {
            "angle": 270,
            "colors": [
                "0000004d",
                "0000004d",
                "ffffffff"
            ],
            "cs": [
                0,
                1,
                79
            ],
            "gradientType": "toLeft",
            "gt": "linear"
        },
        "background_style": "linear",
        "bg_type": "ms_gradient",
        "bottom_left_border_color": "000000ff",
        "bottom_left_border_style": "plain",
        "bottom_left_border_width": 0,
        "bottom_right_border_color": "000000ff",
        "bottom_right_border_style": "plain",
        "bottom_right_border_width": 0,
        "isForked": true,
        "shadow": {
            "br": 0,
            "color": "f8f7f8ff",
            "inner": false,
            "nm": 0,
            "x": 0,
            "y": 0
        },
        "top_left_border_color": "000000ff",
        "top_left_border_style": "plain",
        "top_left_border_width": 0,
        "top_right_border_color": "000000ff",
        "top_right_border_style": "plain",
        "top_right_border_width": 0
    },
    "spaandroidtablet": {
        "background_color": {
            "angle": 270,
            "colors": [
                "0000004d",
                "0000004d",
                "ffffffff"
            ],
            "cs": [
                0,
                1,
                79
            ],
            "gradientType": "toLeft",
            "gt": "linear"
        },
        "background_style": "linear",
        "bg_type": "ms_gradient",
        "bottom_left_border_color": "000000ff",
        "bottom_left_border_style": "plain",
        "bottom_left_border_width": 0,
        "bottom_right_border_color": "000000ff",
        "bottom_right_border_style": "plain",
        "bottom_right_border_width": 0,
        "isForked": true,
        "shadow": {
            "br": 0,
            "color": "f8f7f8ff",
            "inner": false,
            "nm": 0,
            "x": 0,
            "y": 0
        },
        "top_left_border_color": "000000ff",
        "top_left_border_style": "plain",
        "top_left_border_width": 0,
        "top_right_border_color": "000000ff",
        "top_right_border_style": "plain",
        "top_right_border_width": 0
    },
    "spaip": {
        "background_color": {
            "angle": 270,
            "colors": [
                "0000004d",
                "0000004d",
                "ffffffff"
            ],
            "cs": [
                0,
                1,
                79
            ],
            "gradientType": "toLeft",
            "gt": "linear"
        },
        "background_style": "linear",
        "bg_type": "ms_gradient",
        "bottom_left_border_color": "000000ff",
        "bottom_left_border_style": "plain",
        "bottom_left_border_width": 0,
        "bottom_right_border_color": "000000ff",
        "bottom_right_border_style": "plain",
        "bottom_right_border_width": 0,
        "isForked": true,
        "shadow": {
            "br": 0,
            "color": "f8f7f8ff",
            "inner": false,
            "nm": 0,
            "x": 0,
            "y": 0
        },
        "top_left_border_color": "000000ff",
        "top_left_border_style": "plain",
        "top_left_border_width": 0,
        "top_right_border_color": "000000ff",
        "top_right_border_style": "plain",
        "top_right_border_width": 0
    },
    "spaipad": {
        "background_color": {
            "angle": 270,
            "colors": [
                "0000004d",
                "0000004d",
                "ffffffff"
            ],
            "cs": [
                0,
                1,
                79
            ],
            "gradientType": "toLeft",
            "gt": "linear"
        },
        "background_style": "linear",
        "bg_type": "ms_gradient",
        "bottom_left_border_color": "000000ff",
        "bottom_left_border_style": "plain",
        "bottom_left_border_width": 0,
        "bottom_right_border_color": "000000ff",
        "bottom_right_border_style": "plain",
        "bottom_right_border_width": 0,
        "isForked": true,
        "shadow": {
            "br": 0,
            "color": "f8f7f8ff",
            "inner": false,
            "nm": 0,
            "x": 0,
            "y": 0
        },
        "top_left_border_color": "000000ff",
        "top_left_border_style": "plain",
        "top_left_border_width": 0,
        "top_right_border_color": "000000ff",
        "top_right_border_style": "plain",
        "top_right_border_width": 0
    },
    "spawindowstablet": {
        "background_color": {
            "angle": 270,
            "colors": [
                "0000004d",
                "0000004d",
                "ffffffff"
            ],
            "cs": [
                0,
                1,
                79
            ],
            "gradientType": "toLeft",
            "gt": "linear"
        },
        "background_style": "linear",
        "bg_type": "ms_gradient",
        "bottom_left_border_color": "000000ff",
        "bottom_left_border_style": "plain",
        "bottom_left_border_width": 0,
        "bottom_right_border_color": "000000ff",
        "bottom_right_border_style": "plain",
        "bottom_right_border_width": 0,
        "isForked": true,
        "shadow": {
            "br": 0,
            "color": "f8f7f8ff",
            "inner": false,
            "nm": 0,
            "x": 0,
            "y": 0
        },
        "top_left_border_color": "000000ff",
        "top_left_border_style": "plain",
        "top_left_border_width": 0,
        "top_right_border_color": "000000ff",
        "top_right_border_style": "plain",
        "top_right_border_width": 0
    },
    "spawinphone8": {
        "background_color": {
            "angle": 270,
            "colors": [
                "0000004d",
                "0000004d",
                "ffffffff"
            ],
            "cs": [
                0,
                1,
                79
            ],
            "gradientType": "toLeft",
            "gt": "linear"
        },
        "background_style": "linear",
        "bg_type": "ms_gradient",
        "bottom_left_border_color": "000000ff",
        "bottom_left_border_style": "plain",
        "bottom_left_border_width": 0,
        "bottom_right_border_color": "000000ff",
        "bottom_right_border_style": "plain",
        "bottom_right_border_width": 0,
        "isForked": true,
        "shadow": {
            "br": 0,
            "color": "f8f7f8ff",
            "inner": false,
            "nm": 0,
            "x": 0,
            "y": 0
        },
        "top_left_border_color": "000000ff",
        "top_left_border_style": "plain",
        "top_left_border_width": 0,
        "top_right_border_color": "000000ff",
        "top_right_border_style": "plain",
        "top_right_border_width": 0
    },
    "tabrcandroid": {
        "background_color": {
            "angle": 270,
            "colors": [
                "0000004d",
                "0000004d",
                "ffffffff"
            ],
            "cs": [
                0,
                1,
                79
            ],
            "gradientType": "toLeft",
            "gt": "linear"
        },
        "background_style": "linear",
        "bg_type": "ms_gradient",
        "isForked": true
    },
    "wType": "FlexContainer",
    "windows8": {
        "background_color": {
            "angle": 270,
            "colors": [
                "0000004d",
                "0000004d",
                "ffffffff"
            ],
            "cs": [
                0,
                1,
                79
            ],
            "gradientType": "toLeft",
            "gt": "linear"
        },
        "background_style": "linear",
        "bg_type": "ms_gradient",
        "isForked": true
    },
    "winphone8": {
        "background_color": {
            "angle": 270,
            "colors": [
                "0000004d",
                "0000004d",
                "ffffffff"
            ],
            "cs": [
                0,
                1,
                79
            ],
            "gradientType": "toLeft",
            "gt": "linear"
        },
        "background_style": "linear",
        "bg_type": "ms_gradient",
        "isForked": true
    }
}