{
    "android": {
        "background_color": "ffffffff",
        "bg_type": "one",
        "border_color": "ffffffff",
        "border_style": "custom",
        "border_type": 0,
        "border_width": 2,
        "bottom_left_border_radius": 10,
        "bottom_right_border_radius": 10,
        "isForked": true,
        "top_left_border_radius": 10,
        "top_right_border_radius": 10
    },
    "background_color": "00000000",
    "bg_type": "one",
    "border_color": "000000ff",
    "border_style": "plain",
    "border_type": 0,
    "border_width": 0,
    "desktopweb": {
        "background_color": "ffffffff",
        "bg_type": "one",
        "bottom_left_border_color": "000000ff",
        "bottom_left_border_style": "plain",
        "bottom_left_border_width": 0,
        "bottom_right_border_color": "000000ff",
        "bottom_right_border_style": "plain",
        "bottom_right_border_width": 0,
        "isForked": true,
        "top_left_border_color": "000000ff",
        "top_left_border_style": "plain",
        "top_left_border_width": 0,
        "top_right_border_color": "000000ff",
        "top_right_border_style": "plain",
        "top_right_border_width": 0
    },
    "ipad": {
        "background_color": "ffffffff",
        "bg_type": "one",
        "border_color": "ffffffff",
        "border_radius": 10,
        "border_style": "custom",
        "border_type": 0,
        "border_width": 2,
        "isForked": true
    },
    "iphone": {
        "background_color": "ffffffff",
        "bg_type": "one",
        "border_color": "ffffffff",
        "border_radius": 10,
        "border_style": "custom",
        "border_type": 0,
        "border_width": 2,
        "isForked": true
    },
    "isDefaultSkin": false,
    "kiosk": {
        "background_color": "ffffffff",
        "bg_type": "one",
        "border_color": "ffffffff",
        "border_radius": 10,
        "border_style": "custom",
        "border_type": 0,
        "border_width": 2,
        "isForked": true
    },
    "kuid": "s4fe2e75d66e49aea88a9fedb922e2a3",
    "spaan": {
        "background_color": "ffffffff",
        "bg_type": "one",
        "bottom_left_border_color": "000000ff",
        "bottom_left_border_style": "plain",
        "bottom_left_border_width": 0,
        "bottom_right_border_color": "000000ff",
        "bottom_right_border_style": "plain",
        "bottom_right_border_width": 0,
        "isForked": true,
        "top_left_border_color": "000000ff",
        "top_left_border_style": "plain",
        "top_left_border_width": 0,
        "top_right_border_color": "000000ff",
        "top_right_border_style": "plain",
        "top_right_border_width": 0
    },
    "spaandroidtablet": {
        "background_color": "ffffffff",
        "bg_type": "one",
        "bottom_left_border_color": "000000ff",
        "bottom_left_border_style": "plain",
        "bottom_left_border_width": 0,
        "bottom_right_border_color": "000000ff",
        "bottom_right_border_style": "plain",
        "bottom_right_border_width": 0,
        "isForked": true,
        "top_left_border_color": "000000ff",
        "top_left_border_style": "plain",
        "top_left_border_width": 0,
        "top_right_border_color": "000000ff",
        "top_right_border_style": "plain",
        "top_right_border_width": 0
    },
    "spaip": {
        "background_color": "ffffffff",
        "bg_type": "one",
        "bottom_left_border_color": "000000ff",
        "bottom_left_border_style": "plain",
        "bottom_left_border_width": 0,
        "bottom_right_border_color": "000000ff",
        "bottom_right_border_style": "plain",
        "bottom_right_border_width": 0,
        "isForked": true,
        "top_left_border_color": "000000ff",
        "top_left_border_style": "plain",
        "top_left_border_width": 0,
        "top_right_border_color": "000000ff",
        "top_right_border_style": "plain",
        "top_right_border_width": 0
    },
    "spaipad": {
        "background_color": "ffffffff",
        "bg_type": "one",
        "bottom_left_border_color": "000000ff",
        "bottom_left_border_style": "plain",
        "bottom_left_border_width": 0,
        "bottom_right_border_color": "000000ff",
        "bottom_right_border_style": "plain",
        "bottom_right_border_width": 0,
        "isForked": true,
        "top_left_border_color": "000000ff",
        "top_left_border_style": "plain",
        "top_left_border_width": 0,
        "top_right_border_color": "000000ff",
        "top_right_border_style": "plain",
        "top_right_border_width": 0
    },
    "spawindowstablet": {
        "background_color": "ffffffff",
        "bg_type": "one",
        "bottom_left_border_color": "000000ff",
        "bottom_left_border_style": "plain",
        "bottom_left_border_width": 0,
        "bottom_right_border_color": "000000ff",
        "bottom_right_border_style": "plain",
        "bottom_right_border_width": 0,
        "isForked": true,
        "top_left_border_color": "000000ff",
        "top_left_border_style": "plain",
        "top_left_border_width": 0,
        "top_right_border_color": "000000ff",
        "top_right_border_style": "plain",
        "top_right_border_width": 0
    },
    "spawinphone8": {
        "background_color": "ffffffff",
        "bg_type": "one",
        "bottom_left_border_color": "000000ff",
        "bottom_left_border_style": "plain",
        "bottom_left_border_width": 0,
        "bottom_right_border_color": "000000ff",
        "bottom_right_border_style": "plain",
        "bottom_right_border_width": 0,
        "isForked": true,
        "top_left_border_color": "000000ff",
        "top_left_border_style": "plain",
        "top_left_border_width": 0,
        "top_right_border_color": "000000ff",
        "top_right_border_style": "plain",
        "top_right_border_width": 0
    },
    "tabrcandroid": {
        "background_color": "ffffffff",
        "bg_type": "one",
        "border_color": "ffffffff",
        "border_style": "custom",
        "border_type": 0,
        "border_width": 2,
        "bottom_left_border_radius": 10,
        "bottom_right_border_radius": 10,
        "isForked": true,
        "top_left_border_radius": 10,
        "top_right_border_radius": 10
    },
    "wType": "FlexContainer",
    "windows8": {
        "background_color": "ffffffff",
        "bg_type": "one",
        "border_color": "ffffffff",
        "border_style": "custom",
        "border_type": 0,
        "border_width": 2,
        "bottom_left_border_radius": 10,
        "bottom_right_border_radius": 10,
        "isForked": true,
        "top_left_border_radius": 10,
        "top_right_border_radius": 10
    },
    "winphone8": {
        "background_color": "ffffffff",
        "bg_type": "one",
        "border_color": "ffffffff",
        "border_style": "custom",
        "border_type": 0,
        "border_width": 2,
        "bottom_left_border_radius": 10,
        "bottom_right_border_radius": 10,
        "isForked": true,
        "top_left_border_radius": 10,
        "top_right_border_radius": 10
    }
}