{
    "android": {
        "background_color": "ffffffff",
        "bg_type": "one",
        "isForked": true
    },
    "androidwearos": {
        "background_color": "ffffffff",
        "bg_type": "one",
        "isForked": true
    },
    "background_color": "00000000",
    "bg_type": "one",
    "border_color": "ffffffff",
    "border_radius": 3,
    "border_style": "custom",
    "border_type": 0,
    "border_width": 1,
    "desktopweb": {
        "background_color": "ffffffff",
        "bg_type": "one",
        "bottom_left_border_color": "ffffffff",
        "bottom_left_border_radius": "3",
        "bottom_left_border_style": "rc",
        "bottom_left_border_width": 1,
        "bottom_right_border_color": "ffffffff",
        "bottom_right_border_radius": "3",
        "bottom_right_border_style": "rc",
        "bottom_right_border_width": 1,
        "isForked": true,
        "shadow": {
            "br": 12,
            "color": "bebebeff",
            "inner": false,
            "nm": 0,
            "x": 1,
            "y": 2
        },
        "top_left_border_color": "ffffffff",
        "top_left_border_radius": "3",
        "top_left_border_style": "rc",
        "top_left_border_width": 1,
        "top_right_border_color": "ffffffff",
        "top_right_border_radius": "3",
        "top_right_border_style": "rc",
        "top_right_border_width": 1
    },
    "ipad": {
        "background_color": "ffffffff",
        "bg_type": "one",
        "isForked": true,
        "shadow": {
            "br": 12,
            "color": "bebebeff",
            "inner": false,
            "nm": 0,
            "x": 1,
            "y": 2
        }
    },
    "iphone": {
        "background_color": "ffffffff",
        "bg_type": "one",
        "isForked": true,
        "shadow": {
            "br": 12,
            "color": "bebebeff",
            "inner": false,
            "nm": 0,
            "x": 1,
            "y": 2
        }
    },
    "isDefaultSkin": false,
    "kiosk": {
        "background_color": "ffffffff",
        "bg_type": "one",
        "isForked": true
    },
    "kuid": "s9d634c8d71f49d283c6dbd243c743bb",
    "spaan": {
        "background_color": "ffffffff",
        "bg_type": "one",
        "border_type": 0,
        "bottom_left_border_color": "ffffffff",
        "bottom_left_border_radius": "3",
        "bottom_left_border_style": "rc",
        "bottom_left_border_width": "1",
        "bottom_right_border_color": "ffffffff",
        "bottom_right_border_radius": "3",
        "bottom_right_border_style": "rc",
        "bottom_right_border_width": "1",
        "isForked": true,
        "shadow": {
            "br": 12,
            "color": "bebebeff",
            "inner": false,
            "nm": 0,
            "x": 1,
            "y": 2
        },
        "top_left_border_color": "ffffffff",
        "top_left_border_radius": "3",
        "top_left_border_style": "rc",
        "top_left_border_width": "1",
        "top_right_border_color": "ffffffff",
        "top_right_border_radius": "3",
        "top_right_border_style": "rc",
        "top_right_border_width": "1"
    },
    "spaandroidtablet": {
        "background_color": "ffffffff",
        "bg_type": "one",
        "border_type": 0,
        "bottom_left_border_color": "ffffffff",
        "bottom_left_border_radius": "3",
        "bottom_left_border_style": "rc",
        "bottom_left_border_width": "1",
        "bottom_right_border_color": "ffffffff",
        "bottom_right_border_radius": "3",
        "bottom_right_border_style": "rc",
        "bottom_right_border_width": "1",
        "isForked": true,
        "shadow": {
            "br": 12,
            "color": "bebebeff",
            "inner": false,
            "nm": 0,
            "x": 1,
            "y": 2
        },
        "top_left_border_color": "ffffffff",
        "top_left_border_radius": "3",
        "top_left_border_style": "rc",
        "top_left_border_width": "1",
        "top_right_border_color": "ffffffff",
        "top_right_border_radius": "3",
        "top_right_border_style": "rc",
        "top_right_border_width": "1"
    },
    "spaip": {
        "background_color": "ffffffff",
        "bg_type": "one",
        "border_type": 0,
        "bottom_left_border_color": "ffffffff",
        "bottom_left_border_radius": "3",
        "bottom_left_border_style": "rc",
        "bottom_left_border_width": "1",
        "bottom_right_border_color": "ffffffff",
        "bottom_right_border_radius": "3",
        "bottom_right_border_style": "rc",
        "bottom_right_border_width": "1",
        "isForked": true,
        "shadow": {
            "br": 12,
            "color": "bebebeff",
            "inner": false,
            "nm": 0,
            "x": 1,
            "y": 2
        },
        "top_left_border_color": "ffffffff",
        "top_left_border_radius": "3",
        "top_left_border_style": "rc",
        "top_left_border_width": "1",
        "top_right_border_color": "ffffffff",
        "top_right_border_radius": "3",
        "top_right_border_style": "rc",
        "top_right_border_width": "1"
    },
    "spaipad": {
        "background_color": "ffffffff",
        "bg_type": "one",
        "border_type": 0,
        "bottom_left_border_color": "ffffffff",
        "bottom_left_border_radius": "3",
        "bottom_left_border_style": "rc",
        "bottom_left_border_width": "1",
        "bottom_right_border_color": "ffffffff",
        "bottom_right_border_radius": "3",
        "bottom_right_border_style": "rc",
        "bottom_right_border_width": "1",
        "isForked": true,
        "shadow": {
            "br": 12,
            "color": "bebebeff",
            "inner": false,
            "nm": 0,
            "x": 1,
            "y": 2
        },
        "top_left_border_color": "ffffffff",
        "top_left_border_radius": "3",
        "top_left_border_style": "rc",
        "top_left_border_width": "1",
        "top_right_border_color": "ffffffff",
        "top_right_border_radius": "3",
        "top_right_border_style": "rc",
        "top_right_border_width": "1"
    },
    "spawindowstablet": {
        "background_color": "ffffffff",
        "bg_type": "one",
        "border_type": 0,
        "bottom_left_border_color": "ffffffff",
        "bottom_left_border_radius": "3",
        "bottom_left_border_style": "rc",
        "bottom_left_border_width": "1",
        "bottom_right_border_color": "ffffffff",
        "bottom_right_border_radius": "3",
        "bottom_right_border_style": "rc",
        "bottom_right_border_width": "1",
        "isForked": true,
        "shadow": {
            "br": 12,
            "color": "bebebeff",
            "inner": false,
            "nm": 0,
            "x": 1,
            "y": 2
        },
        "top_left_border_color": "ffffffff",
        "top_left_border_radius": "3",
        "top_left_border_style": "rc",
        "top_left_border_width": "1",
        "top_right_border_color": "ffffffff",
        "top_right_border_radius": "3",
        "top_right_border_style": "rc",
        "top_right_border_width": "1"
    },
    "spawinphone8": {
        "background_color": "ffffffff",
        "bg_type": "one",
        "border_type": 0,
        "bottom_left_border_color": "ffffffff",
        "bottom_left_border_radius": "3",
        "bottom_left_border_style": "rc",
        "bottom_left_border_width": "1",
        "bottom_right_border_color": "ffffffff",
        "bottom_right_border_radius": "3",
        "bottom_right_border_style": "rc",
        "bottom_right_border_width": "1",
        "isForked": true,
        "shadow": {
            "br": 12,
            "color": "bebebeff",
            "inner": false,
            "nm": 0,
            "x": 1,
            "y": 2
        },
        "top_left_border_color": "ffffffff",
        "top_left_border_radius": "3",
        "top_left_border_style": "rc",
        "top_left_border_width": "1",
        "top_right_border_color": "ffffffff",
        "top_right_border_radius": "3",
        "top_right_border_style": "rc",
        "top_right_border_width": "1"
    },
    "tabrcandroid": {
        "background_color": "ffffffff",
        "bg_type": "one",
        "isForked": true
    },
    "wType": "FlexContainer",
    "windows8": {
        "background_color": "ffffffff",
        "bg_type": "one",
        "isForked": true
    },
    "winphone8": {
        "background_color": "ffffffff",
        "bg_type": "one",
        "isForked": true
    }
}