{
    "background_color": "ffffffff",
    "bg_type": "one",
    "border_color": "000000ff",
    "border_style": "plain",
    "border_type": 0,
    "border_width": 0,
    "desktopweb": {
        "border_type": 0,
        "bottom_left_border_color": "e3e3e333",
        "bottom_left_border_style": "plain",
        "bottom_left_border_width": "0",
        "bottom_right_border_color": "e3e3e333",
        "bottom_right_border_style": "plain",
        "bottom_right_border_width": "0",
        "isForked": true,
        "shadow": {
            "br": 0,
            "color": "e3e3e3ff",
            "inner": false,
            "nm": 0,
            "x": 0,
            "y": 0
        },
        "top_left_border_color": "e3e3e333",
        "top_left_border_style": "plain",
        "top_left_border_width": "0",
        "top_right_border_color": "e3e3e333",
        "top_right_border_style": "plain",
        "top_right_border_width": "0"
    },
    "ipad": {
        "isForked": true,
        "shadow": {
            "br": 0,
            "color": "e3e3e3ff",
            "inner": false,
            "nm": 0,
            "x": 0,
            "y": 0
        }
    },
    "iphone": {
        "isForked": true,
        "shadow": {
            "br": 0,
            "color": "e3e3e3ff",
            "inner": false,
            "nm": 0,
            "x": 0,
            "y": 0
        }
    },
    "isDefaultSkin": false,
    "kuid": "sed48ea2c4234f659f0077da246e7e87",
    "spaan": {
        "border_type": 0,
        "bottom_left_border_color": "e3e3e333",
        "bottom_left_border_style": "plain",
        "bottom_left_border_width": "0",
        "bottom_right_border_color": "e3e3e333",
        "bottom_right_border_style": "plain",
        "bottom_right_border_width": "0",
        "isForked": true,
        "shadow": {
            "br": 0,
            "color": "e3e3e3ff",
            "inner": false,
            "nm": 0,
            "x": 0,
            "y": 0
        },
        "top_left_border_color": "e3e3e333",
        "top_left_border_style": "plain",
        "top_left_border_width": "0",
        "top_right_border_color": "e3e3e333",
        "top_right_border_style": "plain",
        "top_right_border_width": "0"
    },
    "spaandroidtablet": {
        "border_type": 0,
        "bottom_left_border_color": "e3e3e333",
        "bottom_left_border_style": "plain",
        "bottom_left_border_width": "0",
        "bottom_right_border_color": "e3e3e333",
        "bottom_right_border_style": "plain",
        "bottom_right_border_width": "0",
        "isForked": true,
        "shadow": {
            "br": 0,
            "color": "e3e3e3ff",
            "inner": false,
            "nm": 0,
            "x": 0,
            "y": 0
        },
        "top_left_border_color": "e3e3e333",
        "top_left_border_style": "plain",
        "top_left_border_width": "0",
        "top_right_border_color": "e3e3e333",
        "top_right_border_style": "plain",
        "top_right_border_width": "0"
    },
    "spaip": {
        "border_type": 0,
        "bottom_left_border_color": "e3e3e333",
        "bottom_left_border_style": "plain",
        "bottom_left_border_width": "0",
        "bottom_right_border_color": "e3e3e333",
        "bottom_right_border_style": "plain",
        "bottom_right_border_width": "0",
        "isForked": true,
        "shadow": {
            "br": 0,
            "color": "e3e3e3ff",
            "inner": false,
            "nm": 0,
            "x": 0,
            "y": 0
        },
        "top_left_border_color": "e3e3e333",
        "top_left_border_style": "plain",
        "top_left_border_width": "0",
        "top_right_border_color": "e3e3e333",
        "top_right_border_style": "plain",
        "top_right_border_width": "0"
    },
    "spaipad": {
        "border_type": 0,
        "bottom_left_border_color": "e3e3e333",
        "bottom_left_border_style": "plain",
        "bottom_left_border_width": "0",
        "bottom_right_border_color": "e3e3e333",
        "bottom_right_border_style": "plain",
        "bottom_right_border_width": "0",
        "isForked": true,
        "shadow": {
            "br": 0,
            "color": "e3e3e3ff",
            "inner": false,
            "nm": 0,
            "x": 0,
            "y": 0
        },
        "top_left_border_color": "e3e3e333",
        "top_left_border_style": "plain",
        "top_left_border_width": "0",
        "top_right_border_color": "e3e3e333",
        "top_right_border_style": "plain",
        "top_right_border_width": "0"
    },
    "spawindowstablet": {
        "border_type": 0,
        "bottom_left_border_color": "e3e3e333",
        "bottom_left_border_style": "plain",
        "bottom_left_border_width": "0",
        "bottom_right_border_color": "e3e3e333",
        "bottom_right_border_style": "plain",
        "bottom_right_border_width": "0",
        "isForked": true,
        "shadow": {
            "br": 0,
            "color": "e3e3e3ff",
            "inner": false,
            "nm": 0,
            "x": 0,
            "y": 0
        },
        "top_left_border_color": "e3e3e333",
        "top_left_border_style": "plain",
        "top_left_border_width": "0",
        "top_right_border_color": "e3e3e333",
        "top_right_border_style": "plain",
        "top_right_border_width": "0"
    },
    "spawinphone8": {
        "border_type": 0,
        "bottom_left_border_color": "e3e3e333",
        "bottom_left_border_style": "plain",
        "bottom_left_border_width": "0",
        "bottom_right_border_color": "e3e3e333",
        "bottom_right_border_style": "plain",
        "bottom_right_border_width": "0",
        "isForked": true,
        "shadow": {
            "br": 0,
            "color": "e3e3e3ff",
            "inner": false,
            "nm": 0,
            "x": 0,
            "y": 0
        },
        "top_left_border_color": "e3e3e333",
        "top_left_border_style": "plain",
        "top_left_border_width": "0",
        "top_right_border_color": "e3e3e333",
        "top_right_border_style": "plain",
        "top_right_border_width": "0"
    },
    "wType": "FlexContainer"
}