{
    "background_color": "00000000",
    "bg_type": "one",
    "border_color": "e3e3e3ff",
    "border_radius": 5,
    "border_style": "custom",
    "border_type": 0,
    "border_width": 1,
    "desktopweb": {
        "bottom_left_border_color": "e3e3e3ff",
        "bottom_left_border_style": "plain",
        "bottom_left_border_width": 1,
        "bottom_right_border_color": "e3e3e3ff",
        "bottom_right_border_style": "plain",
        "bottom_right_border_width": 1,
        "isForked": true,
        "shadow": {
            "br": 8,
            "color": "72727233",
            "inner": false,
            "nm": 0,
            "x": -1,
            "y": 2
        },
        "top_left_border_color": "e3e3e3ff",
        "top_left_border_style": "plain",
        "top_left_border_width": 1,
        "top_right_border_color": "e3e3e3ff",
        "top_right_border_style": "plain",
        "top_right_border_width": 1
    },
    "ipad": {
        "isForked": true,
        "shadow": {
            "br": 8,
            "color": "72727233",
            "inner": false,
            "nm": 0,
            "x": -1,
            "y": 2
        }
    },
    "iphone": {
        "isForked": true,
        "shadow": {
            "br": 8,
            "color": "72727233",
            "inner": false,
            "nm": 0,
            "x": -1,
            "y": 2
        }
    },
    "isDefaultSkin": false,
    "kuid": "s1a212af44e84a23ad02e434a18197cf",
    "spaan": {
        "bottom_left_border_color": "e3e3e3ff",
        "bottom_left_border_style": "plain",
        "bottom_left_border_width": 1,
        "bottom_right_border_color": "e3e3e3ff",
        "bottom_right_border_style": "plain",
        "bottom_right_border_width": 1,
        "isForked": true,
        "shadow": {
            "br": 8,
            "color": "72727233",
            "inner": false,
            "nm": 0,
            "x": -1,
            "y": 2
        },
        "top_left_border_color": "e3e3e3ff",
        "top_left_border_style": "plain",
        "top_left_border_width": 1,
        "top_right_border_color": "e3e3e3ff",
        "top_right_border_style": "plain",
        "top_right_border_width": 1
    },
    "spaandroidtablet": {
        "bottom_left_border_color": "e3e3e3ff",
        "bottom_left_border_style": "plain",
        "bottom_left_border_width": 1,
        "bottom_right_border_color": "e3e3e3ff",
        "bottom_right_border_style": "plain",
        "bottom_right_border_width": 1,
        "isForked": true,
        "shadow": {
            "br": 8,
            "color": "72727233",
            "inner": false,
            "nm": 0,
            "x": -1,
            "y": 2
        },
        "top_left_border_color": "e3e3e3ff",
        "top_left_border_style": "plain",
        "top_left_border_width": 1,
        "top_right_border_color": "e3e3e3ff",
        "top_right_border_style": "plain",
        "top_right_border_width": 1
    },
    "spaip": {
        "bottom_left_border_color": "e3e3e3ff",
        "bottom_left_border_style": "plain",
        "bottom_left_border_width": 1,
        "bottom_right_border_color": "e3e3e3ff",
        "bottom_right_border_style": "plain",
        "bottom_right_border_width": 1,
        "isForked": true,
        "shadow": {
            "br": 8,
            "color": "72727233",
            "inner": false,
            "nm": 0,
            "x": -1,
            "y": 2
        },
        "top_left_border_color": "e3e3e3ff",
        "top_left_border_style": "plain",
        "top_left_border_width": 1,
        "top_right_border_color": "e3e3e3ff",
        "top_right_border_style": "plain",
        "top_right_border_width": 1
    },
    "spaipad": {
        "bottom_left_border_color": "e3e3e3ff",
        "bottom_left_border_style": "plain",
        "bottom_left_border_width": 1,
        "bottom_right_border_color": "e3e3e3ff",
        "bottom_right_border_style": "plain",
        "bottom_right_border_width": 1,
        "isForked": true,
        "shadow": {
            "br": 8,
            "color": "72727233",
            "inner": false,
            "nm": 0,
            "x": -1,
            "y": 2
        },
        "top_left_border_color": "e3e3e3ff",
        "top_left_border_style": "plain",
        "top_left_border_width": 1,
        "top_right_border_color": "e3e3e3ff",
        "top_right_border_style": "plain",
        "top_right_border_width": 1
    },
    "spawindowstablet": {
        "bottom_left_border_color": "e3e3e3ff",
        "bottom_left_border_style": "plain",
        "bottom_left_border_width": 1,
        "bottom_right_border_color": "e3e3e3ff",
        "bottom_right_border_style": "plain",
        "bottom_right_border_width": 1,
        "isForked": true,
        "shadow": {
            "br": 8,
            "color": "72727233",
            "inner": false,
            "nm": 0,
            "x": -1,
            "y": 2
        },
        "top_left_border_color": "e3e3e3ff",
        "top_left_border_style": "plain",
        "top_left_border_width": 1,
        "top_right_border_color": "e3e3e3ff",
        "top_right_border_style": "plain",
        "top_right_border_width": 1
    },
    "spawinphone8": {
        "bottom_left_border_color": "e3e3e3ff",
        "bottom_left_border_style": "plain",
        "bottom_left_border_width": 1,
        "bottom_right_border_color": "e3e3e3ff",
        "bottom_right_border_style": "plain",
        "bottom_right_border_width": 1,
        "isForked": true,
        "shadow": {
            "br": 8,
            "color": "72727233",
            "inner": false,
            "nm": 0,
            "x": -1,
            "y": 2
        },
        "top_left_border_color": "e3e3e3ff",
        "top_left_border_style": "plain",
        "top_left_border_width": 1,
        "top_right_border_color": "e3e3e3ff",
        "top_right_border_style": "plain",
        "top_right_border_width": 1
    },
    "wType": "FlexContainer"
}