{
    "android": {
        "font_size": 60,
        "isForked": false
    },
    "background_color": "00000000",
    "bg_type": "one",
    "border_color": "424242ff",
    "border_style": "plain",
    "border_type": 0,
    "border_width": 0,
    "desktopweb": {
        "font_name": "olb_fonts",
        "font_size": 208,
        "isForked": false
    },
    "fontSizeInPx": true,
    "font_color": "424242ff",
    "font_name": "Helvetica",
    "font_size": 208,
    "font_style": "normal",
    "font_weight": "normal",
    "ipad": {
        "font_size": 89,
        "isForked": false
    },
    "iphone": {
        "font_size": 89,
        "isForked": false
    },
    "isDefaultSkin": false,
    "kiosk": {
        "font_size": 156,
        "isForked": false
    },
    "kuid": "s0026354d2504769abe144f678e6cc95",
    "spaan": {
        "font_size": 208,
        "isForked": false
    },
    "spaandroidtablet": {
        "font_size": 208,
        "isForked": false
    },
    "spaip": {
        "font_size": 208,
        "isForked": false
    },
    "spaipad": {
        "font_size": 208,
        "isForked": false
    },
    "spawindowstablet": {
        "font_size": 208,
        "isForked": false
    },
    "spawinphone8": {
        "font_size": 208,
        "isForked": false
    },
    "tabrcandroid": {
        "font_size": 148,
        "isForked": false
    },
    "wType": "Label",
    "watchos": {
        "font_size": 89,
        "isForked": false
    },
    "windows8": {
        "font_size": 61,
        "isForked": false
    },
    "winphone8": {
        "font_size": 83,
        "isForked": false
    }
}