{
    "android": {
        "font_name": "Helvetica",
        "font_size": 50,
        "isForked": false
    },
    "androidwearos": {
        "font_size": 64,
        "isForked": false
    },
    "background_color": "00000000",
    "bg_type": "one",
    "border_color": "424242ff",
    "border_style": "plain",
    "border_type": 0,
    "border_width": 0,
    "desktopweb": {
        "font_name": "SourceSansPro-Regular",
        "font_size": 150,
        "isForked": false
    },
    "fontSizeInPx": true,
    "font_color": "424242ff",
    "font_name": "Helvetica",
    "font_size": 150,
    "font_style": "normal",
    "font_weight": "normal",
    "ipad": {
        "font_name": "Helvetica",
        "font_size": 64,
        "isForked": false
    },
    "iphone": {
        "font_name": "Helvetica",
        "font_size": 45,
        "isForked": false
    },
    "isDefaultSkin": false,
    "kiosk": {
        "font_name": "GenericMonospace",
        "font_size": 113,
        "isForked": false
    },
    "kuid": "sf71a5b40a01457d993f3a789376ad86",
    "spaan": {
        "font_name": "SSP-Regular",
        "font_size": 150,
        "isForked": false
    },
    "spaandroidtablet": {
        "font_name": "SSP-Regular",
        "font_size": 150,
        "isForked": false
    },
    "spaip": {
        "font_name": "SSP-Regular",
        "font_size": 128,
        "isForked": false
    },
    "spaipad": {
        "font_name": "SSP-Regular",
        "font_size": 150,
        "isForked": false
    },
    "spawindowstablet": {
        "font_name": "Helvetica",
        "font_size": 150,
        "isForked": false
    },
    "spawinphone8": {
        "font_name": "Helvetica",
        "font_size": 150,
        "isForked": false
    },
    "tabrcandroid": {
        "font_name": "Helvetica",
        "font_size": 107,
        "isForked": false
    },
    "wType": "Label",
    "watchos": {
        "font_name": "Helvetica",
        "font_size": 64,
        "isForked": false
    },
    "windows8": {
        "font_name": "GenericMonospace",
        "font_size": 44,
        "isForked": false
    },
    "winphone8": {
        "font_name": "GenericMonospace",
        "font_size": 60,
        "isForked": false
    }
}