{
    "android": {
        "font_name": "Helvetica",
        "font_size": 40,
        "isForked": false
    },
    "background_color": "00000000",
    "bg_type": "one",
    "border_color": "424242ff",
    "border_style": "plain",
    "border_type": 0,
    "border_width": 0,
    "delinkedPltfrms": {
        "desktop": [
            "desktopweb"
        ],
        "mobile": [],
        "tablet": [],
        "watch": []
    },
    "desktopweb": {
        "customCSS": "#frmLogin_main_lblOnlineAccessEnroll\n{\ncolor:#3343a8;  \ncursor: pointer; \nfont-family:SourceSansPro-Regular;\nfont-size:17Px;\n}",
        "font_name": "OLB_font_icons",
        "font_size": 142,
        "isForked": false
    },
    "fontSizeInPx": true,
    "font_color": "336591ff",
    "font_name": "Helvetica",
    "font_size": 142,
    "font_style": "normal",
    "font_weight": "normal",
    "ipad": {
        "font_name": "Helvetica",
        "font_size": 61,
        "isForked": false
    },
    "iphone": {
        "font_name": "Helvetica",
        "font_size": 61,
        "isForked": false
    },
    "isDefaultSkin": false,
    "kiosk": {
        "font_name": "GenericMonospace",
        "font_size": 106,
        "isForked": false
    },
    "kuid": "s5a44260adaa468bbbf8132a9d43e031",
    "spaan": {
        "font_name": "SourceSansPro-Regular",
        "font_size": 142,
        "isForked": false
    },
    "spaandroidtablet": {
        "font_name": "SourceSansPro-Regular",
        "font_size": 142,
        "isForked": false
    },
    "spaip": {
        "font_name": "SourceSansPro-Regular",
        "font_size": 142,
        "isForked": false
    },
    "spaipad": {
        "font_name": "SourceSansPro-Regular",
        "font_size": 142,
        "isForked": false
    },
    "spawindowstablet": {
        "font_name": "Helvetica",
        "font_size": 142,
        "isForked": false
    },
    "spawinphone8": {
        "font_name": "Helvetica",
        "font_size": 142,
        "isForked": false
    },
    "tabrcandroid": {
        "font_name": "Helvetica",
        "font_size": 101,
        "isForked": false
    },
    "wType": "Label",
    "watchos": {
        "font_name": "Helvetica",
        "font_size": 61,
        "isForked": false
    },
    "windows8": {
        "font_name": "GenericMonospace",
        "font_size": 41,
        "isForked": false
    },
    "winphone8": {
        "font_name": "GenericMonospace",
        "font_size": 57,
        "isForked": false
    }
}