{
    "android": {
        "font_name": "SourceSansPro-Regular",
        "font_size": 112,
        "isForked": false
    },
    "background_color": "e3e3e300",
    "bg_type": "one",
    "border_color": "424242ff",
    "border_style": "plain",
    "border_type": 0,
    "border_width": 0,
    "desktopweb": {
        "font_size": 112,
        "isForked": false
    },
    "fontSizeInPx": false,
    "font_color": "4176a4ff",
    "font_name": "Helvetica",
    "font_size": 112,
    "font_style": "normal",
    "font_weight": "normal",
    "ipad": {
        "font_size": 112,
        "isForked": false
    },
    "iphone": {
        "font_name": "SourceSansPro-Regular",
        "font_size": 112,
        "isForked": false
    },
    "isDefaultSkin": false,
    "kiosk": {
        "font_size": 112,
        "isForked": false
    },
    "kuid": "s5b83b0bf9a940a587eddcae061b9e78",
    "spaan": {
        "font_size": 112,
        "isForked": false
    },
    "spaandroidtablet": {
        "font_size": 112,
        "isForked": false
    },
    "spaip": {
        "font_size": 112,
        "isForked": false
    },
    "spaipad": {
        "font_size": 112,
        "isForked": false
    },
    "spawindowstablet": {
        "font_size": 112,
        "isForked": false
    },
    "spawinphone8": {
        "font_size": 112,
        "isForked": false
    },
    "tabrcandroid": {
        "font_size": 112,
        "isForked": false
    },
    "wType": "Label",
    "watchos": {
        "font_size": 112,
        "isForked": false
    },
    "windows8": {
        "font_size": 112,
        "isForked": false
    },
    "winphone8": {
        "font_size": 112,
        "isForked": false
    }
}