{
    "android": {
        "font_size": 89,
        "isForked": false
    },
    "androidwearos": {
        "font_size": 179,
        "isForked": false
    },
    "background_color": "00000000",
    "bg_type": "one",
    "border_color": "424242ff",
    "border_style": "plain",
    "border_type": 0,
    "border_width": 0,
    "desktopweb": {
        "font_name": "OLB_font_icons",
        "font_size": 417,
        "isForked": false
    },
    "fontSizeInPx": true,
    "font_color": "000000ff",
    "font_name": "Helvetica",
    "font_size": 417,
    "font_style": "normal",
    "font_weight": "normal",
    "ipad": {
        "font_size": 179,
        "isForked": false
    },
    "iphone": {
        "font_size": 119,
        "isForked": false
    },
    "isDefaultSkin": false,
    "kiosk": {
        "font_size": 313,
        "isForked": false
    },
    "kuid": "s668fccace5b4549bd6a39ca2679f135",
    "spaan": {
        "font_size": 417,
        "isForked": false
    },
    "spaandroidtablet": {
        "font_size": 417,
        "isForked": false
    },
    "spaip": {
        "font_size": 417,
        "isForked": false
    },
    "spaipad": {
        "font_size": 417,
        "isForked": false
    },
    "spawindowstablet": {
        "font_size": 417,
        "isForked": false
    },
    "spawinphone8": {
        "font_size": 417,
        "isForked": false
    },
    "tabrcandroid": {
        "font_size": 296,
        "isForked": false
    },
    "wType": "Label",
    "watchos": {
        "font_size": 179,
        "isForked": false
    },
    "windows8": {
        "font_size": 122,
        "isForked": false
    },
    "winphone8": {
        "font_size": 167,
        "isForked": false
    }
}