{
  "background_color": "f8f7f8ff",
  "bg_type": "one",
  "border_color": "f8f7f8ff",
  "border_style": "plain",
  "border_type": 0,
  "border_width": 0,
  "desktopweb": {
    "bottom_left_border_color": "f8f7f8ff",
    "bottom_left_border_style": "plain",
    "bottom_left_border_width": 0,
    "bottom_right_border_color": "f8f7f8ff",
    "bottom_right_border_style": "plain",
    "bottom_right_border_width": 0,
    "customCSS": "cursor:pointer !important;\nbackground-color: #f7f7f7 !important;",
    "isCustomCSSEnabled": true,
    "isForked": true,
    "top_left_border_color": "f8f7f8ff",
    "top_left_border_style": "plain",
    "top_left_border_width": 0,
    "top_right_border_color": "f8f7f8ff",
    "top_right_border_style": "plain",
    "top_right_border_width": 0
  },
  "isDefaultSkin": false,
  "kuid": "s824f3ac025e47cfaf75ba9696b5ae0f",
  "wType": "FlexContainer",
  "windows8": {
    "background_color": "f8f7f8ff",
    "bg_type": "one",
    "isForked": true
  }
}