{
    "AS_Button_ddcf8af3eaec4104a53d1c0140f0da84": {
        "id": "AS_Button_ddcf8af3eaec4104a53d1c0140f0da84",
        "type": "ACTION_SEQUENCE",
        "params": [{
            "datatype": "collection",
            "name": "eventobject"
        }],
        "contextObj": {
            "KUID": "f55e49dc537748c5b2ee269e3f2e36eb",
            "name": "uwf55e49dc537748c5b2ee269e3f2e36eb",
            "type": "userwidgets"
        },
        "language": "js",
        "actions": [{
            "id": "ADD_SNIPPET__ee7732254b4b41dcaac7117856730271",
            "type": "ADD_SNIPPET",
            "codeSnippet": "this.showPrivacyPolicyPage();",
            "parentId": null,
            "callbackType": null
        }]
    }
}