{
    "AS_Button_e52f6815b57e483480e72226341344f7": {
        "id": "AS_Button_e52f6815b57e483480e72226341344f7",
        "type": "ACTION_SEQUENCE",
        "params": [{
            "datatype": "collection",
            "name": "eventobject"
        }],
        "contextObj": {
            "name": "uwuca2c1585d0d4b5f8e98cfb0068e1bd9",
            "type": "userwidgets",
            "KUID": "uca2c1585d0d4b5f8e98cfb0068e1bd9"
        },
        "language": "js",
        "actions": [{
            "id": "MOVE_ACTION____b9d96e8549cc47f4bc83dabb1f79c747",
            "type": "MOVE_ACTION",
            "itemType": "FORM",
            "itemId": "uwuca2c1585d0d4b5f8e98cfb0068e1bd9",
            "widgetId": "Underline",
            "itemKUID": "uca2c1585d0d4b5f8e98cfb0068e1bd9",
            "widgetKUID": "f6dc73a1985644a4aaedeac8aa19443a",
            "wType": "FlexContainer",
            "animationObject": {
                "left": "60%",
                "anchorPoint": {},
                "stepConfig": {
                    "timingFunction": "kony.anim.EASE"
                },
                "rectified": true
            },
            "config": {
                "delay": "0",
                "iterationCount": 1,
                "fillMode": "kony.anim.FILL_MODE_FORWARDS",
                "duration": "250"
            },
            "start": "Immediately",
            "animationId": "MOVE_ACTION____b9d96e8549cc47f4bc83dabb1f79c747",
            "displayAnimationId": "MOVE_ACTION____b9d96e8549cc47f4bc83dabb1f79c747",
            "forkedPlatform": "all",
            "parentId": null,
            "callbackType": null,
            "widgetPath": "this.view.Underline"
        }, {
            "id": "SET_FORM_WIDGET_PROPERTY_Untitled___fe26f9610d14464ab4e6483b03b3aac8",
            "type": "SET_WIDGET_PROPERTY",
            "itemType": "FORM",
            "itemId": "FooterMenu.Underline5Cell",
            "widgetId": "Img1",
            "propertyName": "src",
            "propertyValue": "favorites_inactive.png",
            "itemKUID": "uca2c1585d0d4b5f8e98cfb0068e1bd9",
            "widgetKUID": "d7e57bad724441029af4aad968c5c22a",
            "isSkinProperty": false,
            "wType": "Image",
            "forkedPlatform": "all",
            "parentId": null,
            "callbackType": null,
            "widgetPath": "this.view.Img1"
        }, {
            "id": "SET_FORM_WIDGET_PROPERTY____b69540b47b6f456cac3e1ea8fee6f8f7",
            "type": "SET_WIDGET_PROPERTY",
            "itemType": "FORM",
            "itemId": "FooterMenu.Underline5Cell",
            "widgetId": "Img2",
            "propertyName": "src",
            "propertyValue": "recents_inactive.png",
            "itemKUID": "uca2c1585d0d4b5f8e98cfb0068e1bd9",
            "widgetKUID": "c341447e072e49c5b8a4d54d91deee1b",
            "isSkinProperty": false,
            "wType": "Image",
            "forkedPlatform": "all",
            "parentId": null,
            "widgetPath": "this.view.Img2"
        }, {
            "id": "SET_FORM_WIDGET_PROPERTY____d549e9c4a49b44b39a0e420405afa04e",
            "type": "SET_WIDGET_PROPERTY",
            "itemType": "FORM",
            "itemId": "FooterMenu.Underline5Cell",
            "widgetId": "Img3",
            "propertyName": "src",
            "propertyValue": "contacts_inactive.png",
            "itemKUID": "uca2c1585d0d4b5f8e98cfb0068e1bd9",
            "widgetKUID": "f32f3bce73e342198ff71c6804a90058",
            "isSkinProperty": false,
            "wType": "Image",
            "forkedPlatform": "all",
            "parentId": null,
            "widgetPath": "this.view.Img3"
        }, {
            "id": "SET_FORM_WIDGET_PROPERTY____f549fb00ab004e1d93344f93c021c7f7",
            "type": "SET_WIDGET_PROPERTY",
            "itemType": "FORM",
            "itemId": "FooterMenu.Underline5Cell",
            "widgetId": "Img4",
            "propertyName": "src",
            "propertyValue": "keypad_active.png",
            "itemKUID": "uca2c1585d0d4b5f8e98cfb0068e1bd9",
            "widgetKUID": "d26c5f66e26d45938d9ca20948ee5234",
            "isSkinProperty": false,
            "wType": "Image",
            "forkedPlatform": "all",
            "parentId": null,
            "widgetPath": "this.view.Img4"
        }, {
            "id": "SET_FORM_WIDGET_PROPERTY____ba4e1140c2644a3ea4f5e7d2977246c3",
            "type": "SET_WIDGET_PROPERTY",
            "itemType": "FORM",
            "itemId": "FooterMenu.Underline5Cell",
            "widgetId": "Img5",
            "propertyName": "src",
            "propertyValue": "voicemail_inactive.png",
            "itemKUID": "uca2c1585d0d4b5f8e98cfb0068e1bd9",
            "widgetKUID": "d2c12ed07a6841afa88e2b3014cbb372",
            "isSkinProperty": false,
            "wType": "Image",
            "forkedPlatform": "all",
            "parentId": null,
            "widgetPath": "this.view.Img5"
        }]
    }
}