{
    "AS_Button_d95c06e539ec40dba82103bfed0ef05c": {
        "id": "AS_Button_d95c06e539ec40dba82103bfed0ef05c",
        "type": "ACTION_SEQUENCE",
        "params": [{
            "datatype": "collection",
            "name": "eventobject"
        }],
        "contextObj": {
            "KUID": "f55e49dc537748c5b2ee269e3f2e36eb",
            "name": "uwf55e49dc537748c5b2ee269e3f2e36eb",
            "type": "userwidgets"
        },
        "language": "js",
        "actions": [{
            "id": "ADD_SNIPPET__ef7d09add0f845b4ad5fe28de0ee5f72",
            "type": "ADD_SNIPPET",
            "codeSnippet": "this.showFAQs();",
            "parentId": null,
            "callbackType": null
        }]
    }
}