{
    "AS_Button_e8c9d767d38c4fe685b50d2004ee7b36": {
        "id": "AS_Button_e8c9d767d38c4fe685b50d2004ee7b36",
        "type": "ACTION_SEQUENCE",
        "params": [{
            "datatype": "collection",
            "name": "eventobject"
        }],
        "contextObj": {
            "name": "uwuca2c1585d0d4b5f8e98cfb0068e1bd9",
            "type": "userwidgets",
            "KUID": "uca2c1585d0d4b5f8e98cfb0068e1bd9"
        },
        "language": "js",
        "actions": [{
            "id": "MOVE_ACTION____a583453089d149cf87982821f1a9545c",
            "type": "MOVE_ACTION",
            "itemType": "FORM",
            "itemId": "uwuca2c1585d0d4b5f8e98cfb0068e1bd9",
            "widgetId": "Underline",
            "itemKUID": "uca2c1585d0d4b5f8e98cfb0068e1bd9",
            "widgetKUID": "f6dc73a1985644a4aaedeac8aa19443a",
            "wType": "FlexContainer",
            "animationObject": {
                "left": "80%",
                "anchorPoint": {},
                "stepConfig": {
                    "timingFunction": "kony.anim.EASE"
                },
                "rectified": true
            },
            "config": {
                "delay": "0",
                "iterationCount": 1,
                "fillMode": "kony.anim.FILL_MODE_FORWARDS",
                "duration": "250"
            },
            "start": "Immediately",
            "animationId": "MOVE_ACTION____a583453089d149cf87982821f1a9545c",
            "displayAnimationId": "MOVE_ACTION____a583453089d149cf87982821f1a9545c",
            "forkedPlatform": "all",
            "parentId": null,
            "callbackType": null,
            "widgetPath": "this.view.Underline"
        }, {
            "id": "SET_FORM_WIDGET_PROPERTY_Untitled___a55311a842d44f5c854821417833f4f1",
            "type": "SET_WIDGET_PROPERTY",
            "itemType": "FORM",
            "itemId": "FooterMenu.Underline5Cell",
            "widgetId": "Img1",
            "propertyName": "src",
            "propertyValue": "favorites_inactive.png",
            "itemKUID": "uca2c1585d0d4b5f8e98cfb0068e1bd9",
            "widgetKUID": "d7e57bad724441029af4aad968c5c22a",
            "isSkinProperty": false,
            "wType": "Image",
            "forkedPlatform": "all",
            "parentId": null,
            "callbackType": null,
            "widgetPath": "this.view.Img1"
        }, {
            "id": "SET_FORM_WIDGET_PROPERTY____ja4bb0cad3bb4dd89fbc8a494d2a0471",
            "type": "SET_WIDGET_PROPERTY",
            "itemType": "FORM",
            "itemId": "FooterMenu.Underline5Cell",
            "widgetId": "Img2",
            "propertyName": "src",
            "propertyValue": "recents_inactive.png",
            "itemKUID": "uca2c1585d0d4b5f8e98cfb0068e1bd9",
            "widgetKUID": "c341447e072e49c5b8a4d54d91deee1b",
            "isSkinProperty": false,
            "wType": "Image",
            "forkedPlatform": "all",
            "parentId": null,
            "widgetPath": "this.view.Img2"
        }, {
            "id": "SET_FORM_WIDGET_PROPERTY____fc8b47adb29b43e6b1c84c25cde5e1c4",
            "type": "SET_WIDGET_PROPERTY",
            "itemType": "FORM",
            "itemId": "FooterMenu.Underline5Cell",
            "widgetId": "Img3",
            "propertyName": "src",
            "propertyValue": "contacts_inactive.png",
            "itemKUID": "uca2c1585d0d4b5f8e98cfb0068e1bd9",
            "widgetKUID": "f32f3bce73e342198ff71c6804a90058",
            "isSkinProperty": false,
            "wType": "Image",
            "forkedPlatform": "all",
            "parentId": null,
            "widgetPath": "this.view.Img3"
        }, {
            "id": "SET_FORM_WIDGET_PROPERTY____h6cf4dcdd83a42e892f894ed1cf69a98",
            "type": "SET_WIDGET_PROPERTY",
            "itemType": "FORM",
            "itemId": "FooterMenu.Underline5Cell",
            "widgetId": "Img4",
            "propertyName": "src",
            "propertyValue": "keypad_inactive.png",
            "itemKUID": "uca2c1585d0d4b5f8e98cfb0068e1bd9",
            "widgetKUID": "d26c5f66e26d45938d9ca20948ee5234",
            "isSkinProperty": false,
            "wType": "Image",
            "forkedPlatform": "all",
            "parentId": null,
            "widgetPath": "this.view.Img4"
        }, {
            "id": "SET_FORM_WIDGET_PROPERTY____hffb9d132aa74242aaaab4475538a140",
            "type": "SET_WIDGET_PROPERTY",
            "itemType": "FORM",
            "itemId": "FooterMenu.Underline5Cell",
            "widgetId": "Img5",
            "propertyName": "src",
            "propertyValue": "voicemail_active.png",
            "itemKUID": "uca2c1585d0d4b5f8e98cfb0068e1bd9",
            "widgetKUID": "d2c12ed07a6841afa88e2b3014cbb372",
            "isSkinProperty": false,
            "wType": "Image",
            "forkedPlatform": "all",
            "parentId": null,
            "widgetPath": "this.view.Img5"
        }]
    }
}