{
    "AS_Button_eca1727f1b634961a3bddf095ecb2edb": {
        "id": "AS_Button_eca1727f1b634961a3bddf095ecb2edb",
        "type": "ACTION_SEQUENCE",
        "params": [{
            "datatype": "collection",
            "name": "eventobject"
        }],
        "contextObj": {
            "name": "uwuca2c1585d0d4b5f8e98cfb0068e1bd9",
            "type": "userwidgets",
            "KUID": "uca2c1585d0d4b5f8e98cfb0068e1bd9"
        },
        "language": "js",
        "actions": [{
            "id": "MOVE_ACTION____fe0a72206a4243f2bf2d33b96d7b8616",
            "type": "MOVE_ACTION",
            "itemType": "FORM",
            "itemId": "uwuca2c1585d0d4b5f8e98cfb0068e1bd9",
            "widgetId": "Underline",
            "itemKUID": "uca2c1585d0d4b5f8e98cfb0068e1bd9",
            "widgetKUID": "f6dc73a1985644a4aaedeac8aa19443a",
            "wType": "FlexContainer",
            "animationObject": {
                "left": "20%",
                "anchorPoint": {},
                "stepConfig": {
                    "timingFunction": "kony.anim.EASE"
                },
                "rectified": true
            },
            "config": {
                "delay": "0",
                "iterationCount": 1,
                "fillMode": "kony.anim.FILL_MODE_FORWARDS",
                "duration": "250"
            },
            "start": "Immediately",
            "animationId": "MOVE_ACTION____fe0a72206a4243f2bf2d33b96d7b8616",
            "displayAnimationId": "MOVE_ACTION____fe0a72206a4243f2bf2d33b96d7b8616",
            "forkedPlatform": "all",
            "parentId": null,
            "callbackType": null,
            "widgetPath": "this.view.Underline"
        }, {
            "id": "SET_FORM_WIDGET_PROPERTY_Untitled___hdb4a2a4d9904118a04bcbf1f1e28240",
            "type": "SET_WIDGET_PROPERTY",
            "itemType": "FORM",
            "itemId": "FooterMenu.Underline5Cell",
            "widgetId": "Img1",
            "propertyName": "src",
            "propertyValue": "favorites_inactive.png",
            "itemKUID": "uca2c1585d0d4b5f8e98cfb0068e1bd9",
            "widgetKUID": "d7e57bad724441029af4aad968c5c22a",
            "isSkinProperty": false,
            "wType": "Image",
            "forkedPlatform": "all",
            "parentId": null,
            "callbackType": null,
            "widgetPath": "this.view.Img1"
        }, {
            "id": "SET_FORM_WIDGET_PROPERTY_Untitled___dfbc943978714e2683204455c90ea53b",
            "type": "SET_WIDGET_PROPERTY",
            "itemType": "FORM",
            "itemId": "FooterMenu.Underline5Cell",
            "widgetId": "Img2",
            "propertyName": "src",
            "propertyValue": "recents_active.png",
            "itemKUID": "uca2c1585d0d4b5f8e98cfb0068e1bd9",
            "widgetKUID": "c341447e072e49c5b8a4d54d91deee1b",
            "isSkinProperty": false,
            "wType": "Image",
            "forkedPlatform": "all",
            "parentId": null,
            "callbackType": null,
            "widgetPath": "this.view.Img2"
        }, {
            "id": "SET_FORM_WIDGET_PROPERTY_Untitled___ad8e6f4b18bb406092d4ce7a47b2f0e6",
            "type": "SET_WIDGET_PROPERTY",
            "itemType": "FORM",
            "itemId": "FooterMenu.Underline5Cell",
            "widgetId": "Img3",
            "propertyName": "src",
            "propertyValue": "contacts_inactive.png",
            "itemKUID": "uca2c1585d0d4b5f8e98cfb0068e1bd9",
            "widgetKUID": "f32f3bce73e342198ff71c6804a90058",
            "isSkinProperty": false,
            "wType": "Image",
            "forkedPlatform": "all",
            "parentId": null,
            "callbackType": null,
            "widgetPath": "this.view.Img3"
        }, {
            "id": "SET_FORM_WIDGET_PROPERTY____cffe02c68ac94798be7f240a61ac2b22",
            "type": "SET_WIDGET_PROPERTY",
            "itemType": "FORM",
            "itemId": "FooterMenu.Underline5Cell",
            "widgetId": "Img4",
            "propertyName": "src",
            "propertyValue": "keypad_inactive.png",
            "itemKUID": "uca2c1585d0d4b5f8e98cfb0068e1bd9",
            "widgetKUID": "d26c5f66e26d45938d9ca20948ee5234",
            "isSkinProperty": false,
            "wType": "Image",
            "forkedPlatform": "all",
            "parentId": null,
            "widgetPath": "this.view.Img4"
        }, {
            "id": "SET_FORM_WIDGET_PROPERTY____jccc7abc9e624085abf8b0d900f04717",
            "type": "SET_WIDGET_PROPERTY",
            "itemType": "FORM",
            "itemId": "FooterMenu.Underline5Cell",
            "widgetId": "Img5",
            "propertyName": "src",
            "propertyValue": "voicemail_inactive.png",
            "itemKUID": "uca2c1585d0d4b5f8e98cfb0068e1bd9",
            "widgetKUID": "d2c12ed07a6841afa88e2b3014cbb372",
            "isSkinProperty": false,
            "wType": "Image",
            "forkedPlatform": "all",
            "parentId": null,
            "widgetPath": "this.view.Img5"
        }]
    }
}