{
    "AS_Button_d63a60b205ee41c396e9f1f292b42f62": {
        "id": "AS_Button_d63a60b205ee41c396e9f1f292b42f62",
        "type": "ACTION_SEQUENCE",
        "params": [{
            "datatype": "collection",
            "name": "eventobject"
        }],
        "contextObj": {
            "name": "uwuca2c1585d0d4b5f8e98cfb0068e1bd9",
            "type": "userwidgets",
            "KUID": "uca2c1585d0d4b5f8e98cfb0068e1bd9"
        },
        "language": "js",
        "actions": [{
            "id": "MOVE_ACTION____add803831dda410db256174d09294bf4",
            "type": "MOVE_ACTION",
            "itemType": "FORM",
            "itemId": "uwuca2c1585d0d4b5f8e98cfb0068e1bd9",
            "widgetId": "Underline",
            "itemKUID": "uca2c1585d0d4b5f8e98cfb0068e1bd9",
            "widgetKUID": "f6dc73a1985644a4aaedeac8aa19443a",
            "wType": "FlexContainer",
            "animationObject": {
                "left": "0%",
                "anchorPoint": {},
                "stepConfig": {
                    "timingFunction": "kony.anim.EASE"
                },
                "rectified": true
            },
            "config": {
                "delay": "0",
                "iterationCount": 1,
                "fillMode": "kony.anim.FILL_MODE_FORWARDS",
                "duration": "250"
            },
            "start": "Immediately",
            "animationId": "MOVE_ACTION____add803831dda410db256174d09294bf4",
            "displayAnimationId": "MOVE_ACTION____add803831dda410db256174d09294bf4",
            "forkedPlatform": "all",
            "parentId": null,
            "callbackType": null,
            "widgetPath": "this.view.Underline"
        }, {
            "id": "SET_FORM_WIDGET_PROPERTY_Untitled___e08b98a7a7444f6ca8862fd812bad393",
            "type": "SET_WIDGET_PROPERTY",
            "itemType": "FORM",
            "itemId": "FooterMenu.Underline5Cell",
            "widgetId": "Img1",
            "propertyName": "src",
            "propertyValue": "favorites_active.png",
            "itemKUID": "uca2c1585d0d4b5f8e98cfb0068e1bd9",
            "widgetKUID": "d7e57bad724441029af4aad968c5c22a",
            "isSkinProperty": false,
            "wType": "Image",
            "forkedPlatform": "all",
            "parentId": null,
            "callbackType": null,
            "widgetPath": "this.view.Img1"
        }, {
            "id": "SET_FORM_WIDGET_PROPERTY_Untitled___fbc2c29be56344718b8df61575ec139d",
            "type": "SET_WIDGET_PROPERTY",
            "itemType": "FORM",
            "itemId": "FooterMenu.Underline5Cell",
            "widgetId": "Img2",
            "propertyName": "src",
            "propertyValue": "recents_inactive.png",
            "itemKUID": "uca2c1585d0d4b5f8e98cfb0068e1bd9",
            "widgetKUID": "c341447e072e49c5b8a4d54d91deee1b",
            "isSkinProperty": false,
            "wType": "Image",
            "forkedPlatform": "all",
            "parentId": null,
            "callbackType": null,
            "widgetPath": "this.view.Img2"
        }, {
            "id": "SET_FORM_WIDGET_PROPERTY_Untitled___f7bf9588808244a082b89504ae1c8065",
            "type": "SET_WIDGET_PROPERTY",
            "itemType": "FORM",
            "itemId": "FooterMenu.Underline5Cell",
            "widgetId": "Img3",
            "propertyName": "src",
            "propertyValue": "contacts_inactive.png",
            "itemKUID": "uca2c1585d0d4b5f8e98cfb0068e1bd9",
            "widgetKUID": "f32f3bce73e342198ff71c6804a90058",
            "isSkinProperty": false,
            "wType": "Image",
            "forkedPlatform": "all",
            "parentId": null,
            "callbackType": null,
            "widgetPath": "this.view.Img3"
        }, {
            "id": "SET_FORM_WIDGET_PROPERTY_Untitled___b0139b62fa3145839920ecf460d46cee",
            "type": "SET_WIDGET_PROPERTY",
            "itemType": "FORM",
            "itemId": "FooterMenu.Underline5Cell",
            "widgetId": "Img4",
            "propertyName": "src",
            "propertyValue": "keypad_inactive.png",
            "itemKUID": "uca2c1585d0d4b5f8e98cfb0068e1bd9",
            "widgetKUID": "d26c5f66e26d45938d9ca20948ee5234",
            "isSkinProperty": false,
            "wType": "Image",
            "forkedPlatform": "all",
            "parentId": null,
            "callbackType": null,
            "widgetPath": "this.view.Img4"
        }, {
            "id": "SET_FORM_WIDGET_PROPERTY_Untitled___j7afaa7b435146f78809472a31a1d368",
            "type": "SET_WIDGET_PROPERTY",
            "itemType": "FORM",
            "itemId": "FooterMenu.Underline5Cell",
            "widgetId": "Img5",
            "propertyName": "src",
            "propertyValue": "voicemail_inactive.png",
            "itemKUID": "uca2c1585d0d4b5f8e98cfb0068e1bd9",
            "widgetKUID": "d2c12ed07a6841afa88e2b3014cbb372",
            "isSkinProperty": false,
            "wType": "Image",
            "forkedPlatform": "all",
            "parentId": null,
            "callbackType": null,
            "widgetPath": "this.view.Img5"
        }]
    }
}