{
    "AS_Button_i6735f71e0454537912513898f3ac281": {
        "id": "AS_Button_i6735f71e0454537912513898f3ac281",
        "type": "ACTION_SEQUENCE",
        "params": [{
            "datatype": "collection",
            "name": "eventobject"
        }],
        "contextObj": {
            "name": "uwuca2c1585d0d4b5f8e98cfb0068e1bd9",
            "type": "userwidgets",
            "KUID": "uca2c1585d0d4b5f8e98cfb0068e1bd9"
        },
        "language": "js",
        "actions": [{
            "id": "MOVE_ACTION____e62f1a18af2e425d976585e8408b0915",
            "type": "MOVE_ACTION",
            "itemType": "FORM",
            "itemId": "uwuca2c1585d0d4b5f8e98cfb0068e1bd9",
            "widgetId": "Underline",
            "itemKUID": "uca2c1585d0d4b5f8e98cfb0068e1bd9",
            "widgetKUID": "f6dc73a1985644a4aaedeac8aa19443a",
            "wType": "FlexContainer",
            "animationObject": {
                "left": "40%",
                "anchorPoint": {},
                "stepConfig": {
                    "timingFunction": "kony.anim.EASE"
                },
                "rectified": true
            },
            "config": {
                "delay": "0",
                "iterationCount": 1,
                "fillMode": "kony.anim.FILL_MODE_FORWARDS",
                "duration": "250"
            },
            "start": "Immediately",
            "animationId": "MOVE_ACTION____e62f1a18af2e425d976585e8408b0915",
            "displayAnimationId": "MOVE_ACTION____e62f1a18af2e425d976585e8408b0915",
            "forkedPlatform": "all",
            "parentId": null,
            "callbackType": null,
            "widgetPath": "this.view.Underline"
        }, {
            "id": "SET_FORM_WIDGET_PROPERTY_Untitled___d3d1e459ec374c939fc1af53db9ea44e",
            "type": "SET_WIDGET_PROPERTY",
            "itemType": "FORM",
            "itemId": "FooterMenu.Underline5Cell",
            "widgetId": "Img1",
            "propertyName": "src",
            "propertyValue": "favorites_inactive.png",
            "itemKUID": "uca2c1585d0d4b5f8e98cfb0068e1bd9",
            "widgetKUID": "d7e57bad724441029af4aad968c5c22a",
            "isSkinProperty": false,
            "wType": "Image",
            "forkedPlatform": "all",
            "parentId": null,
            "callbackType": null,
            "widgetPath": "this.view.Img1"
        }, {
            "id": "SET_FORM_WIDGET_PROPERTY____a77d6ee12dac4b638d7f88df13024dc7",
            "type": "SET_WIDGET_PROPERTY",
            "itemType": "FORM",
            "itemId": "FooterMenu.Underline5Cell",
            "widgetId": "Img2",
            "propertyName": "src",
            "propertyValue": "recents_inactive.png",
            "itemKUID": "uca2c1585d0d4b5f8e98cfb0068e1bd9",
            "widgetKUID": "c341447e072e49c5b8a4d54d91deee1b",
            "isSkinProperty": false,
            "wType": "Image",
            "forkedPlatform": "all",
            "parentId": null,
            "widgetPath": "this.view.Img2"
        }, {
            "id": "SET_FORM_WIDGET_PROPERTY____j9179d61fdb5417785933ff4e94b4b10",
            "type": "SET_WIDGET_PROPERTY",
            "itemType": "FORM",
            "itemId": "FooterMenu.Underline5Cell",
            "widgetId": "Img3",
            "propertyName": "src",
            "propertyValue": "contacts_active.png",
            "itemKUID": "uca2c1585d0d4b5f8e98cfb0068e1bd9",
            "widgetKUID": "f32f3bce73e342198ff71c6804a90058",
            "isSkinProperty": false,
            "wType": "Image",
            "forkedPlatform": "all",
            "parentId": null,
            "widgetPath": "this.view.Img3"
        }, {
            "id": "SET_FORM_WIDGET_PROPERTY____a613f38fa47240498ca608175b7215dc",
            "type": "SET_WIDGET_PROPERTY",
            "itemType": "FORM",
            "itemId": "FooterMenu.Underline5Cell",
            "widgetId": "Img4",
            "propertyName": "src",
            "propertyValue": "keypad_inactive.png",
            "itemKUID": "uca2c1585d0d4b5f8e98cfb0068e1bd9",
            "widgetKUID": "d26c5f66e26d45938d9ca20948ee5234",
            "isSkinProperty": false,
            "wType": "Image",
            "forkedPlatform": "all",
            "parentId": null,
            "callbackType": null,
            "widgetPath": "this.view.Img4"
        }, {
            "id": "SET_FORM_WIDGET_PROPERTY____d66207aa201641e4b21bfd704ee0ec71",
            "type": "SET_WIDGET_PROPERTY",
            "itemType": "FORM",
            "itemId": "FooterMenu.Underline5Cell",
            "widgetId": "Img5",
            "propertyName": "src",
            "propertyValue": "voicemail_inactive.png",
            "itemKUID": "uca2c1585d0d4b5f8e98cfb0068e1bd9",
            "widgetKUID": "d2c12ed07a6841afa88e2b3014cbb372",
            "isSkinProperty": false,
            "wType": "Image",
            "forkedPlatform": "all",
            "parentId": null,
            "widgetPath": "this.view.Img5"
        }]
    }
}