{
    "AS_Button_aace2d0fbdc54c96a954056f17555448": {
        "id": "AS_Button_aace2d0fbdc54c96a954056f17555448",
        "type": "ACTION_SEQUENCE",
        "params": [{
            "datatype": "collection",
            "name": "eventobject"
        }],
        "contextObj": {
            "KUID": "f55e49dc537748c5b2ee269e3f2e36eb",
            "name": "uwf55e49dc537748c5b2ee269e3f2e36eb",
            "type": "userwidgets"
        },
        "language": "js",
        "actions": [{
            "id": "ADD_SNIPPET__ab97bea5d4e54c8a9c1985d982a0e9a5",
            "type": "ADD_SNIPPET",
            "codeSnippet": "this.showTermsAndConditions();",
            "parentId": null,
            "callbackType": null
        }]
    }
}