{
    "AS_FlexContainer_d1bb849f7da14fcbb222ef0aa4c82412": {
        "id": "AS_FlexContainer_d1bb849f7da14fcbb222ef0aa4c82412",
        "type": "ACTION_SEQUENCE",
        "params": [{
            "datatype": "collection",
            "name": "eventobject"
        }],
        "contextObj": {
            "KUID": "f55e49dc537748c5b2ee269e3f2e36eb",
            "name": "uwf55e49dc537748c5b2ee269e3f2e36eb",
            "type": "userwidgets"
        },
        "language": "js",
        "actions": [{
            "id": "ADD_SNIPPET_d360d13d0def462cae0e1ab7824658d9",
            "type": "ADD_SNIPPET",
            "codeSnippet": "this.postshow();",
            "parentId": null,
            "callbackType": null,
            "disabled": true
        }]
    }
}