{
    "AS_FlexContainer_g0eb5918480e42c3b1ba816bca61e22b": {
        "id": "AS_FlexContainer_g0eb5918480e42c3b1ba816bca61e22b",
        "type": "ACTION_SEQUENCE",
        "params": [{
            "datatype": "collection",
            "name": "eventobject"
        }],
        "contextObj": {
            "KUID": "b610b3e0582041fabe60018f11515030",
            "name": "uwb610b3e0582041fabe60018f11515030",
            "type": "userwidgets"
        },
        "language": "js",
        "actions": [{
            "id": "ADD_SNIPPET__d580cb6086774b4caebb16382cf4e71b",
            "type": "ADD_SNIPPET",
            "codeSnippet": "this.compPreShow(\"MM/DD/YYYY\");",
            "parentId": null,
            "callbackType": null
        }]
    }
}