{
    "AS_FlexContainer_jb1251ef8bad4821b86c62f282e7b19a": {
        "id": "AS_FlexContainer_jb1251ef8bad4821b86c62f282e7b19a",
        "type": "ACTION_SEQUENCE",
        "params": [{
            "datatype": "collection",
            "name": "eventobject"
        }],
        "contextObj": {
            "KUID": "ucff12a70e6b417e94330c77c8de640b",
            "name": "uwucff12a70e6b417e94330c77c8de640b",
            "type": "userwidgets"
        },
        "language": "js",
        "actions": [{
            "id": "ADD_SNIPPET__d804b6d3e4644a0d95dc9ffeb4e50a09",
            "type": "ADD_SNIPPET",
            "codeSnippet": "this.setYears();\nthis.setNoOfDays();\nthis.setMonths();",
            "parentId": null,
            "callbackType": null
        }]
    }
}