{
    "AS_Image_b7a73f7d6484402f8db74fdc4d536a13": {
        "id": "AS_Image_b7a73f7d6484402f8db74fdc4d536a13",
        "type": "ACTION_SEQUENCE",
        "params": [{
            "datatype": "collection",
            "name": "eventobject"
        }, {
            "datatype": "string",
            "name": "imagesrc"
        }, {
            "datatype": "boolean",
            "name": "issuccess"
        }],
        "language": "js",
        "actions": [{
            "id": "ADD_SNIPPET_ide_onDownloadComplete_hc7bc05bd7dd42b28c7532074ea656e0",
            "type": "ADD_SNIPPET",
            "codeSnippet": "this.onAdDownloadComplete(issuccess,5);",
            "callbackType": null
        }]
    }
}