{
    "AS_Image_jd7185ad03b34e8885851f95bd4547ec": {
        "id": "AS_Image_jd7185ad03b34e8885851f95bd4547ec",
        "type": "ACTION_SEQUENCE",
        "params": [{
            "datatype": "collection",
            "name": "eventobject"
        }, {
            "datatype": "string",
            "name": "imagesrc"
        }, {
            "datatype": "boolean",
            "name": "issuccess"
        }],
        "language": "js",
        "actions": [{
            "id": "ADD_SNIPPET_ide_onDownloadComplete_g8be8cd4a5a34724a9b17a4b40a84e01",
            "type": "ADD_SNIPPET",
            "codeSnippet": "this.onAdDownloadComplete(issuccess,1);",
            "callbackType": null
        }]
    }
}