{
    "AS_Image_fbce6eb70d724845b2974017b1515e57": {
        "id": "AS_Image_fbce6eb70d724845b2974017b1515e57",
        "type": "ACTION_SEQUENCE",
        "params": [{
            "datatype": "collection",
            "name": "eventobject"
        }, {
            "datatype": "string",
            "name": "imagesrc"
        }, {
            "datatype": "boolean",
            "name": "issuccess"
        }],
        "language": "js",
        "actions": [{
            "id": "ADD_SNIPPET_ide_onDownloadComplete_if5d40fab75a48918d84b3e38cd00d17",
            "type": "ADD_SNIPPET",
            "codeSnippet": "this.onAdDownloadComplete(issuccess,4);",
            "callbackType": null
        }]
    }
}