{
    "AS_Image_b5a61e91755c4b79a5e74ed83c9b5396": {
        "id": "AS_Image_b5a61e91755c4b79a5e74ed83c9b5396",
        "type": "ACTION_SEQUENCE",
        "params": [{
            "datatype": "collection",
            "name": "eventobject"
        }, {
            "datatype": "string",
            "name": "imagesrc"
        }, {
            "datatype": "boolean",
            "name": "issuccess"
        }],
        "language": "js",
        "actions": [{
            "id": "ADD_SNIPPET_ide_onDownloadComplete_d5b5c2c8521d4647ad4d02de4af31d3c",
            "type": "ADD_SNIPPET",
            "codeSnippet": "this.onAdDownloadComplete(issuccess,2);",
            "callbackType": null
        }]
    }
}