{
    "AS_Image_a553b195709c4d6494cd341bbaea753e": {
        "id": "AS_Image_a553b195709c4d6494cd341bbaea753e",
        "type": "ACTION_SEQUENCE",
        "params": [{
            "datatype": "collection",
            "name": "eventobject"
        }, {
            "datatype": "string",
            "name": "imagesrc"
        }, {
            "datatype": "boolean",
            "name": "issuccess"
        }],
        "language": "js",
        "actions": [{
            "id": "ADD_SNIPPET_ide_onDownloadComplete_je18929f89da40daa59057907fe4b60b",
            "type": "ADD_SNIPPET",
            "codeSnippet": "this.onAdDownloadComplete(issuccess,3);",
            "callbackType": null
        }]
    }
}