{
    "customComponent": {
        "i18nSupported": "true",
        "id": "jsSPACustomWidget12953968036",
        "isOverride": "false",
        "konyWrapperFiles": [
            "resources/thirdpartywidgets/widgetwrapper/DonutChart.js"
        ],
        "libraryFiles": [
            "resources/thirdpartywidgets/gstatic/loader.js"
        ],
        "libraryName": "gstatic",
        "marginSupported": "true",
        "name": "DonutChart",
        "paddingSupported": "true",
        "platformID": "0",
        "property": {
            "categoryType": "Event",
            "defaultValue": "",
            "exclude": "false",
            "jsDataType": "",
            "name": "onClickOfPie",
            "newValue": {
                "stringValue": ""
            },
            "options": "",
            "propertyName": "",
            "propertySelection": "false",
            "propertyValue": "",
            "type": "Event",
            "uniqueID": "jsSPACustomWidgetPSP12687040671",
            "value": ""
        }
    }
}