{
    "splashScreen": {
        "desktop": {
            "desktopweb": {},
            "kiosk": {}
        },
        "mobile": {
            "android": {},
            "iphone": {
                "splashConfig": {
                    "_skin_": "s18c3186f1ab4101940242c8c9052cbc",
                    "children": []
                }
            },
            "spa": {},
            "spaan": {},
            "spaip": {},
            "spawinphone8": {},
            "winphone10": {},
            "winphone8": {}
        },
        "tablet": {
            "android": {},
            "ipad": {
                "landscape": {},
                "splashConfig": {
                    "_skin_": "s18c3186f1ab4101940242c8c9052cbc",
                    "children": []
                }
            },
            "spa": {},
            "spaandroidtablet": {},
            "spaipad": {},
            "spawindowstablet": {},
            "windows8": {}
        }
    }
}